-- phpMyAdmin SQL Dump
-- version 5.2.1
-- https://www.phpmyadmin.net/
--
-- Máy chủ: 127.0.0.1
-- Thời gian đã tạo: Th10 13, 2025 lúc 08:47 AM
-- Phiên bản máy phục vụ: 10.4.32-MariaDB
-- Phiên bản PHP: 8.2.12

SET SQL_MODE = "NO_AUTO_VALUE_ON_ZERO";
START TRANSACTION;
SET time_zone = "+00:00";


/*!40101 SET @OLD_CHARACTER_SET_CLIENT=@@CHARACTER_SET_CLIENT */;
/*!40101 SET @OLD_CHARACTER_SET_RESULTS=@@CHARACTER_SET_RESULTS */;
/*!40101 SET @OLD_COLLATION_CONNECTION=@@COLLATION_CONNECTION */;
/*!40101 SET NAMES utf8mb4 */;

--
-- Cơ sở dữ liệu: `ssb1`
--

-- --------------------------------------------------------

--
-- Cấu trúc bảng cho bảng `chitiettuyenduong`
--

CREATE TABLE `chitiettuyenduong` (
  `ma_ct` int(11) NOT NULL,
  `ma_tuyen` int(11) NOT NULL,
  `ma_tram` int(11) NOT NULL,
  `thu_tu` int(11) NOT NULL
) ENGINE=InnoDB DEFAULT CHARSET=utf8mb4 COLLATE=utf8mb4_general_ci;

--
-- Đang đổ dữ liệu cho bảng `chitiettuyenduong`
--

INSERT INTO `chitiettuyenduong` (`ma_ct`, `ma_tuyen`, `ma_tram`, `thu_tu`) VALUES
(1, 1, 1, 1),
(2, 1, 2, 2),
(3, 1, 3, 3),
(4, 1, 4, 4),
(5, 1, 5, 5),
(6, 2, 3, 1),
(7, 2, 4, 2),
(8, 2, 5, 3),
(9, 2, 6, 4),
(10, 2, 7, 5),
(11, 3, 5, 1),
(12, 3, 6, 2),
(13, 3, 7, 3),
(14, 3, 8, 4),
(15, 3, 9, 5),
(16, 4, 1, 1),
(17, 4, 3, 2),
(18, 4, 5, 3),
(19, 4, 7, 4),
(20, 4, 9, 5),
(21, 4, 10, 6),
(22, 5, 2, 1),
(23, 5, 4, 2),
(24, 5, 6, 3),
(25, 5, 8, 4);

-- --------------------------------------------------------

--
-- Cấu trúc bảng cho bảng `hocsinh`
--

CREATE TABLE `hocsinh` (
  `ma_hs` int(11) NOT NULL,
  `ho_ten` varchar(100) NOT NULL,
  `lop` varchar(20) DEFAULT NULL,
  `ma_phu_huynh` int(11) NOT NULL,
  `ma_diem_don` int(11) NOT NULL,
  `ma_diem_tra` int(11) NOT NULL,
  `trang_thai` enum('dang_hoc','nghi_hoc','chuyen_truong','tot_nghiep') DEFAULT 'dang_hoc'
) ENGINE=InnoDB DEFAULT CHARSET=utf8mb4 COLLATE=utf8mb4_general_ci;

--
-- Đang đổ dữ liệu cho bảng `hocsinh`
--

INSERT INTO `hocsinh` (`ma_hs`, `ho_ten`, `lop`, `ma_phu_huynh`, `ma_diem_don`, `ma_diem_tra`, `trang_thai`) VALUES
(1, 'Nguyễn Minh An', '1A', 1, 1, 2, 'dang_hoc'),
(2, 'Trần Lan Hương', '2B', 2, 3, 4, 'dang_hoc'),
(3, 'Lê Quốc Bảo', '3A', 3, 5, 6, 'dang_hoc'),
(4, 'Phạm Thu Trang', '1C', 4, 7, 8, 'dang_hoc'),
(5, 'Hoàng Gia Huy', '4A', 5, 9, 10, 'dang_hoc'),
(6, 'Vũ Mai Anh', '2A', 6, 11, 12, 'dang_hoc'),
(7, 'Đỗ Tuấn Kiệt', '5B', 7, 13, 14, 'dang_hoc'),
(8, 'Bùi Ngọc Hà', '1B', 8, 15, 16, 'dang_hoc'),
(9, 'Nguyễn Văn Nam', '3B', 9, 17, 18, 'dang_hoc'),
(10, 'Trần Thị My', '4C', 10, 19, 20, 'dang_hoc');

-- --------------------------------------------------------

--
-- Cấu trúc bảng cho bảng `lichtrinh`
--

CREATE TABLE `lichtrinh` (
  `ma_lich` int(11) NOT NULL,
  `ma_tuyen` int(11) DEFAULT NULL,
  `ma_xe` int(11) DEFAULT NULL,
  `ma_tai_xe` int(11) DEFAULT NULL,
  `ngay_chay` date NOT NULL,
  `gio_bat_dau` time NOT NULL,
  `gio_ket_thuc` time DEFAULT NULL,
  `trang_thai_lich` enum('cho_chay','dang_chay','hoan_thanh','huy') DEFAULT 'cho_chay'
) ENGINE=InnoDB DEFAULT CHARSET=utf8mb4 COLLATE=utf8mb4_general_ci;

--
-- Đang đổ dữ liệu cho bảng `lichtrinh`
--

INSERT INTO `lichtrinh` (`ma_lich`, `ma_tuyen`, `ma_xe`, `ma_tai_xe`, `ngay_chay`, `gio_bat_dau`, `gio_ket_thuc`, `trang_thai_lich`) VALUES
(1, 1, 1, 1, '2025-11-12', '06:30:00', '07:15:00', 'dang_chay'),
(2, 2, 2, 2, '2025-10-01', '07:00:00', '07:40:00', 'dang_chay'),
(3, 3, 3, 3, '2025-10-01', '06:45:00', '07:30:00', 'dang_chay'),
(4, 4, 4, 4, '2025-10-01', '07:15:00', '08:00:00', 'cho_chay'),
(5, 5, 5, 5, '2025-10-01', '06:50:00', '07:35:00', 'cho_chay'),
(6, 6, 6, 6, '2025-10-01', '07:20:00', '08:10:00', 'cho_chay'),
(7, 7, 7, 7, '2025-10-01', '06:40:00', '07:25:00', 'cho_chay'),
(8, 8, 8, 8, '2025-10-01', '07:10:00', '07:55:00', 'cho_chay'),
(9, 9, 9, 9, '2025-10-01', '06:55:00', '07:40:00', 'cho_chay'),
(10, 10, 10, 10, '2025-10-01', '07:30:00', '08:20:00', 'cho_chay');

-- --------------------------------------------------------

--
-- Cấu trúc bảng cho bảng `nhatkydontra`
--

CREATE TABLE `nhatkydontra` (
  `ma_nhat_ky` int(11) NOT NULL,
  `ma_hs` int(11) DEFAULT NULL,
  `ma_lich` int(11) DEFAULT NULL,
  `ca_don_tra` enum('sang','chieu') DEFAULT 'sang',
  `trang_thai_don` enum('cho','da_don','vang') DEFAULT 'cho',
  `trang_thai_tra` enum('cho','da_tra','vang') DEFAULT 'cho',
  `thoi_gian` timestamp NOT NULL DEFAULT current_timestamp()
) ENGINE=InnoDB DEFAULT CHARSET=utf8mb4 COLLATE=utf8mb4_general_ci;

--
-- Đang đổ dữ liệu cho bảng `nhatkydontra`
--

INSERT INTO `nhatkydontra` (`ma_nhat_ky`, `ma_hs`, `ma_lich`, `ca_don_tra`, `trang_thai_don`, `trang_thai_tra`, `thoi_gian`) VALUES
(1, 1, 1, 'sang', 'da_don', 'da_tra', '2025-09-30 23:40:00'),
(2, 2, 2, 'sang', 'da_don', 'da_tra', '2025-10-01 00:10:00'),
(3, 3, 3, 'sang', 'da_don', 'da_tra', '2025-09-30 23:55:00'),
(4, 4, 4, 'sang', 'da_don', 'da_tra', '2025-10-01 00:20:00'),
(5, 5, 5, 'sang', 'da_don', 'da_tra', '2025-09-30 23:50:00'),
(6, 6, 6, 'chieu', 'da_don', 'da_tra', '2025-10-01 09:35:00'),
(7, 7, 7, 'chieu', 'da_don', 'da_tra', '2025-10-01 09:25:00'),
(8, 8, 8, 'chieu', 'da_don', 'da_tra', '2025-10-01 09:55:00'),
(9, 9, 9, 'chieu', 'da_don', 'da_tra', '2025-10-01 09:30:00'),
(10, 10, 10, 'chieu', 'da_don', 'da_tra', '2025-10-01 10:00:00');

-- --------------------------------------------------------

--
-- Cấu trúc bảng cho bảng `phancong`
--

CREATE TABLE `phancong` (
  `ma_pc` int(11) NOT NULL,
  `ma_hs` int(11) DEFAULT NULL,
  `ma_lich` int(11) DEFAULT NULL
) ENGINE=InnoDB DEFAULT CHARSET=utf8mb4 COLLATE=utf8mb4_general_ci;

--
-- Đang đổ dữ liệu cho bảng `phancong`
--

INSERT INTO `phancong` (`ma_pc`, `ma_hs`, `ma_lich`) VALUES
(1, 1, 1),
(2, 2, 2),
(3, 3, 3),
(4, 4, 4),
(5, 5, 5),
(6, 6, 6),
(7, 7, 7),
(8, 8, 8),
(9, 9, 9),
(10, 10, 10);

-- --------------------------------------------------------

--
-- Cấu trúc bảng cho bảng `phuhuynh`
--

CREATE TABLE `phuhuynh` (
  `ma_phu_huynh` int(11) NOT NULL,
  `ho_ten` varchar(100) NOT NULL,
  `so_dien_thoai` varchar(20) NOT NULL,
  `email` varchar(100) DEFAULT NULL,
  `dia_chi` varchar(200) DEFAULT NULL,
  `tai_khoan` varchar(50) NOT NULL,
  `mat_khau` varchar(255) NOT NULL
) ENGINE=InnoDB DEFAULT CHARSET=utf8mb4 COLLATE=utf8mb4_general_ci;

--
-- Đang đổ dữ liệu cho bảng `phuhuynh`
--

INSERT INTO `phuhuynh` (`ma_phu_huynh`, `ho_ten`, `so_dien_thoai`, `email`, `dia_chi`, `tai_khoan`, `mat_khau`) VALUES
(1, 'Nguyễn Văn A', '0912345678', 'a@gmail.com', 'Hà Nội', 'NguyenVanA123', '123'),
(2, 'Trần Thị B', '0987654321', 'b@gmail.com', 'HCM', 'TranThiB123', '123'),
(3, 'Lê Văn C', '0901234567', 'c@gmail.com', 'Đà Nẵng', 'LeVanC', '123'),
(4, 'Phạm Thị D', '0978123456', 'd@gmail.com', 'Hải Phòng', 'PhamThiD123', '123'),
(5, 'Hoàng Văn E', '0934567890', 'e@gmail.com', 'Cần Thơ', 'HoangVanE', '123'),
(6, 'Vũ Thị F', '0923456789', 'f@gmail.com', 'Quảng Ninh', 'VuThiF123', '123'),
(7, 'Đỗ Văn G', '0945678901', 'g@gmail.com', 'Nam Định', 'DoVanG123', '123'),
(8, 'Bùi Thị H', '0909876543', 'h@gmail.com', 'Nghệ An', 'BuiThiH123', '123'),
(9, 'Nguyễn Văn I', '0965432109', 'i@gmail.com', 'Thanh Hóa', 'NguyenVanI123', '123'),
(10, 'Trần Thị K', '0956781234', 'k@gmail.com', 'Huế', 'TranThiK', '123');

-- --------------------------------------------------------

--
-- Cấu trúc bảng cho bảng `quanlytaixe`
--

CREATE TABLE `quanlytaixe` (
  `ma_ql` int(11) NOT NULL,
  `ho_ten` varchar(100) NOT NULL,
  `so_dien_thoai` varchar(20) NOT NULL,
  `email` varchar(100) DEFAULT NULL,
  `tai_khoan` varchar(50) NOT NULL,
  `mat_khau` varchar(255) NOT NULL,
  `dia_chi` varchar(200) DEFAULT NULL
) ENGINE=InnoDB DEFAULT CHARSET=utf8mb4 COLLATE=utf8mb4_general_ci;

--
-- Đang đổ dữ liệu cho bảng `quanlytaixe`
--

INSERT INTO `quanlytaixe` (`ma_ql`, `ho_ten`, `so_dien_thoai`, `email`, `tai_khoan`, `mat_khau`, `dia_chi`) VALUES
(1, 'Nguyễn Quản Lý 1', '0902000001', 'ql1@gmail.com', 'ql1', '123456', 'Hà Nội'),
(2, 'Trần Quản Lý 2', '0902000002', 'ql2@gmail.com', 'ql2', '123456', 'HCM'),
(3, 'Lê Quản Lý 3', '0902000003', 'ql3@gmail.com', 'ql3', '123456', 'Đà Nẵng');

-- --------------------------------------------------------

--
-- Cấu trúc bảng cho bảng `taixe`
--

CREATE TABLE `taixe` (
  `ma_tai_xe` int(11) NOT NULL,
  `ho_ten` varchar(100) NOT NULL,
  `so_dien_thoai` varchar(20) NOT NULL,
  `so_gplx` varchar(50) NOT NULL,
  `trang_thai` enum('san_sang','dang_chay','nghi') DEFAULT 'san_sang',
  `tai_khoan` varchar(50) NOT NULL,
  `mat_khau` varchar(255) NOT NULL,
  `ma_ql` int(11) DEFAULT NULL
) ENGINE=InnoDB DEFAULT CHARSET=utf8mb4 COLLATE=utf8mb4_general_ci;

--
-- Đang đổ dữ liệu cho bảng `taixe`
--

INSERT INTO `taixe` (`ma_tai_xe`, `ho_ten`, `so_dien_thoai`, `so_gplx`, `trang_thai`, `tai_khoan`, `mat_khau`, `ma_ql`) VALUES
(1, 'Phạm Văn Tài 1', '0903000001', 'GPLX0001', 'san_sang', 'tx1', '123456', 1),
(2, 'Lê Văn Tài 2', '0903000002', 'GPLX0002', 'san_sang', 'tx2', '123456', 1),
(3, 'Nguyễn Văn Tài 3', '0903000003', 'GPLX0003', 'nghi', 'tx3', '123456', 2),
(4, 'Trần Văn Tài 4', '0903000004', 'GPLX0004', 'dang_chay', 'tx4', '123456', 2),
(5, 'Đỗ Văn Tài 5', '0903000005', 'GPLX0005', 'san_sang', 'tx5', '123456', 3),
(6, 'Vũ Văn Tài 6', '0903000006', 'GPLX0006', 'dang_chay', 'tx6', '123456', 3),
(7, 'Ngô Văn Tài 7', '0903000007', 'GPLX0007', 'nghi', 'tx7', '123456', 1),
(8, 'Phan Văn Tài 8', '0903000008', 'GPLX0008', 'san_sang', 'tx8', '123456', 2),
(9, 'Bùi Văn Tài 9', '0903000009', 'GPLX0009', 'san_sang', 'tx9', '123456', 3),
(10, 'Trịnh Văn Tài 10', '0903000010', 'GPLX0010', 'dang_chay', 'tx10', '123456', 1);

-- --------------------------------------------------------

--
-- Cấu trúc bảng cho bảng `thongbao`
--

CREATE TABLE `thongbao` (
  `ma_tb` int(11) NOT NULL,
  `noi_dung` text DEFAULT NULL,
  `thoi_gian` timestamp NOT NULL DEFAULT current_timestamp(),
  `ma_phu_huynh` int(11) DEFAULT NULL,
  `ma_tai_xe` int(11) DEFAULT NULL
) ENGINE=InnoDB DEFAULT CHARSET=utf8mb4 COLLATE=utf8mb4_general_ci;

--
-- Đang đổ dữ liệu cho bảng `thongbao`
--

INSERT INTO `thongbao` (`ma_tb`, `noi_dung`, `thoi_gian`, `ma_phu_huynh`, `ma_tai_xe`) VALUES
(1, 'Xe đến muộn 10 phút', '2025-09-30 23:35:00', 1, 1),
(2, 'Học sinh nghỉ học', '2025-10-01 00:00:00', 2, NULL),
(3, 'Thay đổi lộ trình tuyến 3', '2025-10-01 00:10:00', 3, 3),
(4, 'Xe bị hỏng giữa đường', '2025-10-01 00:20:00', 4, 4),
(5, 'Tài xế đổi ca', '2025-10-01 00:30:00', 5, 5),
(6, 'Xe sẽ đến sớm 5 phút', '2025-10-01 00:40:00', 6, 6),
(7, 'Học sinh quên đồ trên xe', '2025-10-01 00:50:00', 7, 7),
(8, 'Thông báo họp phụ huynh', '2025-10-01 01:00:00', 8, NULL),
(9, 'Xe đổi biển số', '2025-10-01 01:10:00', 9, 9),
(10, 'Nghỉ chạy tuyến số 5', '2025-10-01 01:20:00', 10, 10);

-- --------------------------------------------------------

--
-- Cấu trúc bảng cho bảng `tramxe`
--

CREATE TABLE `tramxe` (
  `ma_tram` int(11) NOT NULL,
  `ten_tram` varchar(100) NOT NULL,
  `dia_chi` varchar(200) DEFAULT NULL,
  `loai_tram` enum('don','tra','ca_hai') DEFAULT 'ca_hai',
  `vi_do` decimal(10,6) DEFAULT NULL,
  `kinh_do` decimal(10,6) DEFAULT NULL
) ENGINE=InnoDB DEFAULT CHARSET=utf8mb4 COLLATE=utf8mb4_general_ci;

--
-- Đang đổ dữ liệu cho bảng `tramxe`
--

INSERT INTO `tramxe` (`ma_tram`, `ten_tram`, `dia_chi`, `loai_tram`, `vi_do`, `kinh_do`) VALUES
(1, 'Trạm 1', 'Quận 1', 'ca_hai', 10.762913, 106.682171),
(2, 'Trạm 2', 'Quận 2', 'don', 10.768247, 106.683859),
(3, 'Trạm 3', 'Quận 3', 'tra', 10.771135, 106.692091),
(4, 'Trạm 4', 'Quận 4', 'ca_hai', 10.776889, 106.700806),
(5, 'Trạm 5', 'Quận 5', 'ca_hai', 10.780000, 106.705000),
(6, 'Trạm 6', 'Quận 6', 'don', 10.783456, 106.710234),
(7, 'Trạm 7', 'Quận 7', 'tra', 10.787890, 106.715678),
(8, 'Trạm 8', 'Quận 8', 'ca_hai', 10.791234, 106.720123),
(9, 'Trạm 9', 'Quận 9', 'don', 10.795678, 106.725567),
(10, 'Trạm 10', 'Quận 10', 'tra', 10.800123, 106.730012),
(11, 'Trạm 11', 'Quận 11', 'ca_hai', NULL, NULL),
(12, 'Trạm 12', 'Quận 12', 'ca_hai', NULL, NULL),
(13, 'Trạm 13', 'Tân Bình', 'don', NULL, NULL),
(14, 'Trạm 14', 'Tân Phú', 'tra', NULL, NULL),
(15, 'Trạm 15', 'Bình Tân', 'don', NULL, NULL),
(16, 'Trạm 16', 'Bình Thạnh', 'tra', NULL, NULL),
(17, 'Trạm 17', 'Gò Vấp', 'ca_hai', NULL, NULL),
(18, 'Trạm 18', 'Thủ Đức', 'don', NULL, NULL),
(19, 'Trạm 19', 'Phú Nhuận', 'tra', NULL, NULL),
(20, 'Trạm 20', 'Nhà Bè', 'ca_hai', NULL, NULL);

-- --------------------------------------------------------

--
-- Cấu trúc bảng cho bảng `tuyenduong`
--

CREATE TABLE `tuyenduong` (
  `ma_tuyen` int(11) NOT NULL,
  `ten_tuyen` varchar(100) NOT NULL,
  `diem_bat_dau` varchar(200) DEFAULT NULL,
  `diem_ket_thuc` varchar(200) DEFAULT NULL,
  `do_dai_km` decimal(5,2) DEFAULT NULL
) ENGINE=InnoDB DEFAULT CHARSET=utf8mb4 COLLATE=utf8mb4_general_ci;

--
-- Đang đổ dữ liệu cho bảng `tuyenduong`
--

INSERT INTO `tuyenduong` (`ma_tuyen`, `ten_tuyen`, `diem_bat_dau`, `diem_ket_thuc`, `do_dai_km`) VALUES
(1, 'Tuyến 1', 'Hà Đông', 'Cầu Giấy', 12.50),
(2, 'Tuyến 2', 'Cầu Giấy', 'Mỹ Đình', 10.00),
(3, 'Tuyến 3', 'Gia Lâm', 'Long Biên', 8.50),
(4, 'Tuyến 4', 'Thanh Xuân', 'Hai Bà Trưng', 9.70),
(5, 'Tuyến 5', 'Ba Đình', 'Nam Từ Liêm', 11.20),
(6, 'Tuyến 6', 'Đông Anh', 'Sóc Sơn', 14.30),
(7, 'Tuyến 7', 'Tây Hồ', 'Hoàn Kiếm', 7.80),
(8, 'Tuyến 8', 'Long Biên', 'Hà Đông', 13.00),
(9, 'Tuyến 9', 'Cầu Giấy', 'Bắc Từ Liêm', 9.50),
(10, 'Tuyến 10', 'Hoàng Mai', 'Thanh Trì', 10.80);

-- --------------------------------------------------------

--
-- Cấu trúc bảng cho bảng `vitrixe`
--

CREATE TABLE `vitrixe` (
  `ma_vitri` int(11) NOT NULL,
  `ma_xe` int(11) DEFAULT NULL,
  `vi_do` decimal(10,6) DEFAULT NULL,
  `kinh_do` decimal(10,6) DEFAULT NULL,
  `toc_do` decimal(5,2) DEFAULT NULL,
  `thoi_gian` timestamp NOT NULL DEFAULT current_timestamp()
) ENGINE=InnoDB DEFAULT CHARSET=utf8mb4 COLLATE=utf8mb4_general_ci;

--
-- Đang đổ dữ liệu cho bảng `vitrixe`
--

INSERT INTO `vitrixe` (`ma_vitri`, `ma_xe`, `vi_do`, `kinh_do`, `toc_do`, `thoi_gian`) VALUES
(1, 1, 10.762913, 106.682171, 35.50, '2025-09-30 23:40:00'),
(2, 2, 10.771135, 106.692091, 40.00, '2025-10-01 00:00:00'),
(3, 3, 10.780000, 106.705000, 38.50, '2025-09-30 23:50:00'),
(4, 4, 10.763000, 106.683000, 30.00, '2025-10-01 00:20:00'),
(5, 5, 10.772000, 106.693000, 42.50, '2025-09-30 23:55:00'),
(6, 6, 21.050000, 105.830000, 33.50, '2025-10-01 00:25:00'),
(7, 7, 21.055000, 105.825000, 36.00, '2025-09-30 23:45:00'),
(8, 8, 21.060000, 105.820000, 39.50, '2025-10-01 00:10:00'),
(9, 9, 21.065000, 105.815000, 37.00, '2025-10-01 00:05:00'),
(10, 10, 21.070000, 105.810000, 41.00, '2025-10-01 00:30:00'),
(11, 1, 10.763436, 106.682337, 43.88, '2025-11-12 05:21:40'),
(12, 2, 10.771358, 106.692429, 32.01, '2025-11-12 05:21:40'),
(13, 3, 10.780323, 106.705489, 46.38, '2025-11-12 05:21:40'),
(14, 1, 10.763960, 106.682502, 43.88, '2025-11-12 05:21:45'),
(15, 2, 10.771581, 106.692767, 32.01, '2025-11-12 05:21:45'),
(16, 3, 10.780646, 106.705979, 46.38, '2025-11-12 05:21:45'),
(17, 1, 10.764483, 106.682668, 43.88, '2025-11-12 05:21:50'),
(18, 2, 10.771804, 106.693104, 32.01, '2025-11-12 05:21:50'),
(19, 3, 10.780970, 106.706468, 46.38, '2025-11-12 05:21:50'),
(20, 1, 10.765006, 106.682833, 43.88, '2025-11-12 05:21:55'),
(21, 2, 10.772027, 106.693442, 32.01, '2025-11-12 05:21:55'),
(22, 3, 10.781293, 106.706958, 46.38, '2025-11-12 05:21:55'),
(23, 1, 10.765530, 106.682999, 43.88, '2025-11-12 05:22:00'),
(24, 2, 10.772250, 106.693780, 32.01, '2025-11-12 05:22:00'),
(25, 3, 10.781616, 106.707447, 46.38, '2025-11-12 05:22:00'),
(26, 1, 10.766053, 106.683165, 43.88, '2025-11-12 05:22:05'),
(27, 2, 10.772473, 106.694118, 32.01, '2025-11-12 05:22:05'),
(28, 3, 10.781939, 106.707937, 46.38, '2025-11-12 05:22:05'),
(29, 1, 10.766576, 106.683330, 43.88, '2025-11-12 05:22:10'),
(30, 2, 10.772696, 106.694456, 32.01, '2025-11-12 05:22:10'),
(31, 3, 10.782262, 106.708426, 46.38, '2025-11-12 05:22:10'),
(32, 1, 10.767100, 106.683496, 43.88, '2025-11-12 05:22:15'),
(33, 2, 10.772919, 106.694793, 32.01, '2025-11-12 05:22:15'),
(34, 3, 10.782586, 106.708916, 46.38, '2025-11-12 05:22:15'),
(35, 1, 10.767623, 106.683661, 43.88, '2025-11-12 05:22:20'),
(36, 2, 10.773142, 106.695131, 32.01, '2025-11-12 05:22:20'),
(37, 3, 10.782909, 106.709405, 46.38, '2025-11-12 05:22:20'),
(38, 1, 10.768146, 106.683827, 43.88, '2025-11-12 05:22:25'),
(39, 2, 10.773365, 106.695469, 32.01, '2025-11-12 05:22:25'),
(40, 3, 10.783232, 106.709895, 46.38, '2025-11-12 05:22:25'),
(41, 1, 10.768247, 106.683859, 43.88, '2025-11-12 05:22:30'),
(42, 2, 10.773588, 106.695807, 32.01, '2025-11-12 05:22:30'),
(43, 3, 10.783456, 106.710234, 46.38, '2025-11-12 05:22:30'),
(44, 1, 10.768247, 106.683859, 43.88, '2025-11-12 05:22:35'),
(45, 2, 10.773811, 106.696145, 32.01, '2025-11-12 05:22:35'),
(46, 3, 10.783456, 106.710234, 46.38, '2025-11-12 05:22:35'),
(47, 1, 10.768431, 106.684384, 43.88, '2025-11-12 05:22:40'),
(48, 2, 10.774034, 106.696483, 32.01, '2025-11-12 05:22:40'),
(49, 3, 10.783826, 106.710688, 46.38, '2025-11-12 05:22:40'),
(50, 1, 10.768616, 106.684910, 43.88, '2025-11-12 05:22:45'),
(51, 2, 10.774257, 106.696820, 32.01, '2025-11-12 05:22:45'),
(52, 3, 10.784196, 106.711142, 46.38, '2025-11-12 05:22:45'),
(53, 1, 10.768800, 106.685435, 43.88, '2025-11-12 05:22:50'),
(54, 2, 10.774481, 106.697158, 32.01, '2025-11-12 05:22:50'),
(55, 3, 10.784565, 106.711596, 46.38, '2025-11-12 05:22:50'),
(56, 1, 10.768984, 106.685960, 43.88, '2025-11-12 05:22:55'),
(57, 2, 10.774704, 106.697496, 32.01, '2025-11-12 05:22:55'),
(58, 3, 10.784935, 106.712050, 46.38, '2025-11-12 05:22:55'),
(59, 1, 10.769169, 106.686486, 43.88, '2025-11-12 05:23:00'),
(60, 2, 10.774927, 106.697834, 32.01, '2025-11-12 05:23:00'),
(61, 3, 10.785305, 106.712504, 46.38, '2025-11-12 05:23:00'),
(62, 1, 10.769353, 106.687011, 43.88, '2025-11-12 05:23:05'),
(63, 2, 10.775150, 106.698172, 32.01, '2025-11-12 05:23:05'),
(64, 3, 10.785675, 106.712958, 46.38, '2025-11-12 05:23:05'),
(65, 1, 10.769537, 106.687537, 43.88, '2025-11-12 05:23:10'),
(66, 2, 10.775373, 106.698509, 32.01, '2025-11-12 05:23:10'),
(67, 3, 10.786045, 106.713412, 46.38, '2025-11-12 05:23:10'),
(68, 1, 10.769721, 106.688062, 43.88, '2025-11-12 05:23:15'),
(69, 2, 10.775596, 106.698847, 32.01, '2025-11-12 05:23:15'),
(70, 3, 10.786414, 106.713866, 46.38, '2025-11-12 05:23:15'),
(71, 1, 10.769906, 106.688587, 43.88, '2025-11-12 05:23:20'),
(72, 2, 10.775819, 106.699185, 32.01, '2025-11-12 05:23:20'),
(73, 3, 10.786784, 106.714320, 46.38, '2025-11-12 05:23:20'),
(74, 1, 10.770090, 106.689113, 43.88, '2025-11-12 05:23:25'),
(75, 2, 10.776042, 106.699523, 32.01, '2025-11-12 05:23:25'),
(76, 3, 10.787154, 106.714774, 46.38, '2025-11-12 05:23:25'),
(77, 1, 10.770274, 106.689638, 43.88, '2025-11-12 05:23:30'),
(78, 2, 10.776265, 106.699861, 32.01, '2025-11-12 05:23:30'),
(79, 3, 10.787524, 106.715228, 46.38, '2025-11-12 05:23:30'),
(80, 1, 10.770459, 106.690163, 43.88, '2025-11-12 05:23:35'),
(81, 2, 10.776488, 106.700198, 32.01, '2025-11-12 05:23:35'),
(82, 3, 10.787890, 106.715678, 46.38, '2025-11-12 05:23:35'),
(83, 1, 10.770643, 106.690689, 43.88, '2025-11-12 05:23:40'),
(84, 2, 10.776711, 106.700536, 32.01, '2025-11-12 05:23:40'),
(85, 3, 10.787890, 106.715678, 46.38, '2025-11-12 05:23:40'),
(86, 1, 10.770827, 106.691214, 43.88, '2025-11-12 05:23:45'),
(87, 2, 10.776889, 106.700806, 32.01, '2025-11-12 05:23:45'),
(88, 3, 10.788242, 106.716146, 46.38, '2025-11-12 05:23:45'),
(89, 1, 10.771012, 106.691739, 43.88, '2025-11-12 05:23:50'),
(90, 2, 10.776889, 106.700806, 32.01, '2025-11-12 05:23:50'),
(91, 3, 10.788595, 106.716615, 46.38, '2025-11-12 05:23:50'),
(92, 1, 10.771135, 106.692091, 43.88, '2025-11-12 05:23:55'),
(93, 2, 10.777130, 106.701131, 32.01, '2025-11-12 05:23:55'),
(94, 3, 10.788947, 106.717083, 46.38, '2025-11-12 05:23:55'),
(95, 1, 10.771135, 106.692091, 43.88, '2025-11-12 05:24:00'),
(96, 2, 10.777371, 106.701456, 32.01, '2025-11-12 05:24:00'),
(97, 3, 10.789299, 106.717551, 46.38, '2025-11-12 05:24:00'),
(98, 1, 10.771441, 106.692554, 43.88, '2025-11-12 05:24:05'),
(99, 2, 10.777612, 106.701780, 32.01, '2025-11-12 05:24:05'),
(100, 3, 10.789651, 106.718019, 46.38, '2025-11-12 05:24:05'),
(101, 1, 10.771746, 106.693017, 43.88, '2025-11-12 05:24:10'),
(102, 2, 10.777853, 106.702105, 32.01, '2025-11-12 05:24:10'),
(103, 3, 10.790004, 106.718488, 46.38, '2025-11-12 05:24:10'),
(104, 1, 10.772052, 106.693480, 43.88, '2025-11-12 05:24:15'),
(105, 2, 10.778094, 106.702430, 32.01, '2025-11-12 05:24:15'),
(106, 3, 10.790356, 106.718956, 46.38, '2025-11-12 05:24:15'),
(107, 1, 10.772358, 106.693943, 43.88, '2025-11-12 05:24:20'),
(108, 2, 10.778335, 106.702755, 32.01, '2025-11-12 05:24:20'),
(109, 3, 10.790708, 106.719424, 46.38, '2025-11-12 05:24:20'),
(110, 1, 10.772663, 106.694406, 43.88, '2025-11-12 05:24:25'),
(111, 2, 10.778576, 106.703080, 32.01, '2025-11-12 05:24:25'),
(112, 3, 10.791060, 106.719892, 46.38, '2025-11-12 05:24:25'),
(113, 1, 10.772969, 106.694869, 43.88, '2025-11-12 05:24:30'),
(114, 2, 10.778817, 106.703405, 32.01, '2025-11-12 05:24:30'),
(115, 3, 10.791234, 106.720123, 46.38, '2025-11-12 05:24:30'),
(116, 1, 10.773275, 106.695332, 43.88, '2025-11-12 05:24:35'),
(117, 2, 10.779057, 106.703729, 32.01, '2025-11-12 05:24:35'),
(118, 3, 10.791234, 106.720123, 46.38, '2025-11-12 05:24:35'),
(119, 1, 10.773581, 106.695795, 43.88, '2025-11-12 05:24:40'),
(120, 2, 10.779298, 106.704054, 32.01, '2025-11-12 05:24:40'),
(121, 3, 10.791604, 106.720577, 46.38, '2025-11-12 05:24:40'),
(122, 1, 10.773886, 106.696258, 43.88, '2025-11-12 05:24:45'),
(123, 2, 10.779539, 106.704379, 32.01, '2025-11-12 05:24:45'),
(124, 3, 10.791975, 106.721030, 46.38, '2025-11-12 05:24:45'),
(125, 1, 10.774192, 106.696721, 43.88, '2025-11-12 05:24:50'),
(126, 2, 10.779780, 106.704704, 32.01, '2025-11-12 05:24:50'),
(127, 3, 10.792345, 106.721484, 46.38, '2025-11-12 05:24:50'),
(128, 1, 10.774498, 106.697184, 43.88, '2025-11-12 05:24:55'),
(129, 2, 10.780000, 106.705000, 32.01, '2025-11-12 05:24:55'),
(130, 3, 10.792715, 106.721937, 46.38, '2025-11-12 05:24:55'),
(131, 1, 10.774803, 106.697647, 43.88, '2025-11-12 05:25:00'),
(132, 2, 10.780000, 106.705000, 32.01, '2025-11-12 05:25:00'),
(133, 3, 10.793085, 106.722391, 46.38, '2025-11-12 05:25:00'),
(134, 1, 10.775109, 106.698110, 43.88, '2025-11-12 05:25:05'),
(135, 2, 10.780223, 106.705338, 32.01, '2025-11-12 05:25:05'),
(136, 3, 10.793456, 106.722845, 46.38, '2025-11-12 05:25:05'),
(137, 1, 10.775415, 106.698573, 43.88, '2025-11-12 05:25:10'),
(138, 2, 10.780446, 106.705676, 32.01, '2025-11-12 05:25:10'),
(139, 3, 10.793826, 106.723298, 46.38, '2025-11-12 05:25:10'),
(140, 1, 10.775720, 106.699036, 43.88, '2025-11-12 05:25:15'),
(141, 2, 10.780669, 106.706013, 32.01, '2025-11-12 05:25:15'),
(142, 3, 10.794196, 106.723752, 46.38, '2025-11-12 05:25:15'),
(143, 1, 10.776026, 106.699499, 43.88, '2025-11-12 05:25:20'),
(144, 2, 10.780892, 106.706351, 32.01, '2025-11-12 05:25:20'),
(145, 3, 10.794567, 106.724206, 46.38, '2025-11-12 05:25:20'),
(146, 1, 10.776332, 106.699962, 43.88, '2025-11-12 05:25:25'),
(147, 2, 10.781115, 106.706689, 32.01, '2025-11-12 05:25:25'),
(148, 3, 10.794937, 106.724659, 46.38, '2025-11-12 05:25:25'),
(149, 1, 10.776638, 106.700425, 43.88, '2025-11-12 05:25:30'),
(150, 2, 10.781338, 106.707027, 32.01, '2025-11-12 05:25:30'),
(151, 3, 10.795307, 106.725113, 46.38, '2025-11-12 05:25:30'),
(152, 1, 10.776889, 106.700806, 43.88, '2025-11-12 05:25:35'),
(153, 2, 10.781561, 106.707365, 32.01, '2025-11-12 05:25:35'),
(154, 3, 10.795678, 106.725566, 46.38, '2025-11-12 05:25:35'),
(155, 1, 10.776889, 106.700806, 43.88, '2025-11-12 05:25:40'),
(156, 2, 10.781784, 106.707702, 32.01, '2025-11-12 05:25:40'),
(157, 3, 10.795678, 106.725567, 46.38, '2025-11-12 05:25:40'),
(158, 1, 10.777219, 106.701251, 43.88, '2025-11-12 05:25:45'),
(159, 2, 10.782007, 106.708040, 32.01, '2025-11-12 05:25:45'),
(160, 3, 10.795308, 106.725113, 46.38, '2025-11-12 05:25:45'),
(161, 1, 10.777549, 106.701696, 43.88, '2025-11-12 05:25:50'),
(162, 2, 10.782231, 106.708378, 32.01, '2025-11-12 05:25:50'),
(163, 3, 10.794937, 106.724660, 46.38, '2025-11-12 05:25:50'),
(164, 1, 10.777828, 106.702073, 37.12, '2025-11-12 05:26:58'),
(165, 2, 10.782593, 106.708846, 46.84, '2025-11-12 05:26:58'),
(166, 3, 10.794574, 106.724215, 45.45, '2025-11-12 05:26:58'),
(167, 1, 10.778108, 106.702449, 37.12, '2025-11-12 05:27:03'),
(168, 2, 10.782956, 106.709313, 46.84, '2025-11-12 05:27:03'),
(169, 3, 10.794211, 106.723771, 45.45, '2025-11-12 05:27:03'),
(170, 1, 10.778387, 106.702826, 37.12, '2025-11-12 05:27:08'),
(171, 2, 10.783318, 106.709781, 46.84, '2025-11-12 05:27:08'),
(172, 3, 10.793849, 106.723326, 45.45, '2025-11-12 05:27:08'),
(173, 1, 10.778667, 106.703203, 37.12, '2025-11-12 05:27:13'),
(174, 2, 10.783681, 106.710248, 46.84, '2025-11-12 05:27:13'),
(175, 3, 10.793486, 106.722882, 45.45, '2025-11-12 05:27:13'),
(176, 1, 10.778946, 106.703579, 37.12, '2025-11-12 05:27:18'),
(177, 2, 10.784043, 106.710716, 46.84, '2025-11-12 05:27:18'),
(178, 3, 10.793123, 106.722437, 45.45, '2025-11-12 05:27:18'),
(179, 1, 10.779226, 106.703956, 37.12, '2025-11-12 05:27:23'),
(180, 2, 10.784406, 106.711183, 46.84, '2025-11-12 05:27:23'),
(181, 3, 10.792760, 106.721993, 45.45, '2025-11-12 05:27:23'),
(182, 1, 10.779505, 106.704333, 37.12, '2025-11-12 05:27:28'),
(183, 2, 10.784768, 106.711651, 46.84, '2025-11-12 05:27:28'),
(184, 3, 10.792397, 106.721548, 45.45, '2025-11-12 05:27:28'),
(185, 1, 10.779785, 106.704710, 37.12, '2025-11-12 05:27:33'),
(186, 2, 10.785130, 106.712118, 46.84, '2025-11-12 05:27:33'),
(187, 3, 10.792035, 106.721104, 45.45, '2025-11-12 05:27:33'),
(188, 1, 10.780000, 106.705000, 37.12, '2025-11-12 05:27:38'),
(189, 2, 10.785493, 106.712586, 46.84, '2025-11-12 05:27:38'),
(190, 3, 10.791672, 106.720659, 45.45, '2025-11-12 05:27:38'),
(191, 1, 10.780000, 106.705000, 37.12, '2025-11-12 05:27:43'),
(192, 2, 10.785855, 106.713053, 46.84, '2025-11-12 05:27:43'),
(193, 3, 10.791309, 106.720215, 45.45, '2025-11-12 05:27:43'),
(194, 1, 10.779721, 106.704623, 37.12, '2025-11-12 05:27:48'),
(195, 2, 10.786218, 106.713521, 46.84, '2025-11-12 05:27:48'),
(196, 3, 10.791234, 106.720123, 45.45, '2025-11-12 05:27:48'),
(197, 1, 10.779441, 106.704247, 37.12, '2025-11-12 05:27:53'),
(198, 2, 10.786580, 106.713988, 46.84, '2025-11-12 05:27:53'),
(199, 3, 10.791234, 106.720123, 45.45, '2025-11-12 05:27:53'),
(200, 1, 10.779162, 106.703870, 37.12, '2025-11-12 05:27:58'),
(201, 2, 10.786943, 106.714456, 46.84, '2025-11-12 05:27:58'),
(202, 3, 10.790889, 106.719664, 45.45, '2025-11-12 05:27:58'),
(203, 1, 10.778882, 106.703493, 37.12, '2025-11-12 05:28:03'),
(204, 2, 10.787305, 106.714923, 46.84, '2025-11-12 05:28:04'),
(205, 3, 10.790544, 106.719205, 45.45, '2025-11-12 05:28:04'),
(206, 1, 10.778603, 106.703116, 37.12, '2025-11-12 05:28:09'),
(207, 2, 10.787667, 106.715391, 46.84, '2025-11-12 05:28:09'),
(208, 3, 10.790198, 106.718747, 45.45, '2025-11-12 05:28:09'),
(209, 1, 10.778323, 106.702740, 37.12, '2025-11-12 05:28:14'),
(210, 2, 10.787890, 106.715678, 46.84, '2025-11-12 05:28:14'),
(211, 3, 10.789853, 106.718288, 45.45, '2025-11-12 05:28:14'),
(212, 1, 10.778044, 106.702363, 37.12, '2025-11-12 05:28:19'),
(213, 2, 10.787890, 106.715678, 46.84, '2025-11-12 05:28:19'),
(214, 3, 10.789508, 106.717829, 45.45, '2025-11-12 05:28:19'),
(215, 1, 10.777765, 106.701986, 37.12, '2025-11-12 05:28:24'),
(216, 2, 10.787517, 106.715220, 46.84, '2025-11-12 05:28:24'),
(217, 3, 10.789163, 106.717370, 45.45, '2025-11-12 05:28:24'),
(218, 1, 10.777485, 106.701610, 37.12, '2025-11-12 05:28:29'),
(219, 2, 10.787143, 106.714761, 46.84, '2025-11-12 05:28:29'),
(220, 3, 10.788818, 106.716911, 45.45, '2025-11-12 05:28:29'),
(221, 1, 10.777206, 106.701233, 37.12, '2025-11-12 05:28:34'),
(222, 2, 10.786770, 106.714303, 46.84, '2025-11-12 05:28:34'),
(223, 3, 10.788473, 106.716452, 45.45, '2025-11-12 05:28:34'),
(224, 1, 10.776926, 106.700856, 37.12, '2025-11-12 05:28:39'),
(225, 2, 10.786396, 106.713844, 46.84, '2025-11-12 05:28:39'),
(226, 3, 10.788127, 106.715994, 45.45, '2025-11-12 05:28:39'),
(227, 1, 10.776889, 106.700806, 37.12, '2025-11-12 05:28:44'),
(228, 2, 10.786023, 106.713386, 46.84, '2025-11-12 05:28:44'),
(229, 3, 10.787890, 106.715678, 45.45, '2025-11-12 05:28:44'),
(230, 1, 10.776630, 106.700414, 37.12, '2025-11-12 05:28:49'),
(231, 2, 10.785649, 106.712927, 46.84, '2025-11-12 05:28:49'),
(232, 3, 10.787890, 106.715678, 45.45, '2025-11-12 05:28:49'),
(233, 1, 10.776372, 106.700022, 37.12, '2025-11-12 05:28:54'),
(234, 2, 10.785276, 106.712469, 46.84, '2025-11-12 05:28:54'),
(235, 3, 10.787528, 106.715233, 45.45, '2025-11-12 05:28:54'),
(236, 1, 10.776113, 106.699631, 37.12, '2025-11-12 05:28:59'),
(237, 2, 10.784903, 106.712010, 46.84, '2025-11-12 05:28:59'),
(238, 3, 10.787165, 106.714788, 45.45, '2025-11-12 05:28:59'),
(239, 1, 10.775854, 106.699239, 37.12, '2025-11-12 05:29:04'),
(240, 2, 10.784529, 106.711552, 46.84, '2025-11-12 05:29:04'),
(241, 3, 10.786803, 106.714343, 45.45, '2025-11-12 05:29:04'),
(242, 1, 10.775596, 106.698847, 37.12, '2025-11-12 05:29:09'),
(243, 2, 10.784156, 106.711093, 46.84, '2025-11-12 05:29:09'),
(244, 3, 10.786441, 106.713898, 45.45, '2025-11-12 05:29:09'),
(245, 1, 10.775337, 106.698455, 37.12, '2025-11-12 05:29:14'),
(246, 2, 10.783782, 106.710635, 46.84, '2025-11-12 05:29:14'),
(247, 3, 10.786078, 106.713454, 45.45, '2025-11-12 05:29:14'),
(248, 1, 10.775078, 106.698064, 37.12, '2025-11-12 05:29:19'),
(249, 2, 10.783456, 106.710234, 46.84, '2025-11-12 05:29:19'),
(250, 3, 10.785716, 106.713009, 45.45, '2025-11-12 05:29:19'),
(251, 1, 10.774820, 106.697672, 37.12, '2025-11-12 05:29:24'),
(252, 2, 10.783456, 106.710234, 46.84, '2025-11-12 05:29:24'),
(253, 3, 10.785354, 106.712564, 45.45, '2025-11-12 05:29:24'),
(254, 1, 10.774561, 106.697280, 37.12, '2025-11-12 05:29:29'),
(255, 2, 10.783130, 106.709740, 46.84, '2025-11-12 05:29:29'),
(256, 3, 10.784991, 106.712119, 45.45, '2025-11-12 05:29:29'),
(257, 1, 10.774302, 106.696888, 37.12, '2025-11-12 05:29:34'),
(258, 2, 10.782803, 106.709245, 46.84, '2025-11-12 05:29:34'),
(259, 3, 10.784629, 106.711674, 45.45, '2025-11-12 05:29:34'),
(260, 1, 10.774044, 106.696497, 37.12, '2025-11-12 05:29:39'),
(261, 2, 10.782477, 106.708751, 46.84, '2025-11-12 05:29:39'),
(262, 3, 10.784267, 106.711229, 45.45, '2025-11-12 05:29:39'),
(263, 1, 10.773785, 106.696105, 37.12, '2025-11-12 05:29:44'),
(264, 2, 10.782151, 106.708257, 46.84, '2025-11-12 05:29:44'),
(265, 3, 10.783904, 106.710784, 45.45, '2025-11-12 05:29:44'),
(266, 1, 10.773526, 106.695713, 37.12, '2025-11-12 05:29:49'),
(267, 2, 10.781824, 106.707763, 46.84, '2025-11-12 05:29:49'),
(268, 3, 10.783542, 106.710339, 45.45, '2025-11-12 05:29:49'),
(269, 1, 10.773268, 106.695321, 37.12, '2025-11-12 05:29:54'),
(270, 2, 10.781498, 106.707268, 46.84, '2025-11-12 05:29:54'),
(271, 3, 10.783456, 106.710234, 45.45, '2025-11-12 05:29:54'),
(272, 1, 10.773009, 106.694930, 37.12, '2025-11-12 05:29:59'),
(273, 2, 10.781171, 106.706774, 46.84, '2025-11-12 05:29:59'),
(274, 3, 10.783456, 106.710234, 45.45, '2025-11-12 05:29:59'),
(275, 1, 10.772750, 106.694538, 37.12, '2025-11-12 05:30:04'),
(276, 2, 10.780845, 106.706280, 46.84, '2025-11-12 05:30:04'),
(277, 3, 10.783139, 106.709754, 45.45, '2025-11-12 05:30:04'),
(278, 1, 10.772492, 106.694146, 37.12, '2025-11-12 05:30:09'),
(279, 2, 10.780519, 106.705785, 46.84, '2025-11-12 05:30:09'),
(280, 3, 10.782823, 106.709275, 45.45, '2025-11-12 05:30:09'),
(281, 1, 10.772233, 106.693754, 37.12, '2025-11-12 05:30:14'),
(282, 2, 10.780192, 106.705291, 46.84, '2025-11-12 05:30:14'),
(283, 3, 10.782506, 106.708795, 45.45, '2025-11-12 05:30:14'),
(284, 1, 10.771974, 106.693362, 37.12, '2025-11-12 05:30:19'),
(285, 2, 10.780000, 106.705000, 46.84, '2025-11-12 05:30:19'),
(286, 3, 10.782189, 106.708316, 45.45, '2025-11-12 05:30:19'),
(287, 1, 10.771716, 106.692971, 37.12, '2025-11-12 05:30:24'),
(288, 2, 10.780000, 106.705000, 46.84, '2025-11-12 05:30:24'),
(289, 3, 10.781873, 106.707836, 45.45, '2025-11-12 05:30:24'),
(290, 1, 10.771457, 106.692579, 37.12, '2025-11-12 05:30:29'),
(291, 2, 10.779647, 106.704525, 46.84, '2025-11-12 05:30:29'),
(292, 3, 10.781556, 106.707356, 45.45, '2025-11-12 05:30:29'),
(293, 1, 10.771198, 106.692187, 37.12, '2025-11-12 05:30:34'),
(294, 2, 10.779295, 106.704049, 46.84, '2025-11-12 05:30:34'),
(295, 3, 10.781239, 106.706877, 45.45, '2025-11-12 05:30:34'),
(296, 1, 10.771135, 106.692091, 37.12, '2025-11-12 05:30:39'),
(297, 2, 10.778942, 106.703574, 46.84, '2025-11-12 05:30:39'),
(298, 3, 10.780922, 106.706397, 45.45, '2025-11-12 05:30:39'),
(299, 1, 10.771135, 106.692091, 37.12, '2025-11-12 05:30:44'),
(300, 2, 10.778590, 106.703099, 46.84, '2025-11-12 05:30:44'),
(301, 3, 10.780606, 106.705917, 45.45, '2025-11-12 05:30:44'),
(302, 1, 10.770979, 106.691646, 37.12, '2025-11-12 05:30:49'),
(303, 2, 10.778237, 106.702624, 46.84, '2025-11-12 05:30:49'),
(304, 3, 10.780289, 106.705438, 45.45, '2025-11-12 05:30:49'),
(305, 1, 10.770823, 106.691202, 37.12, '2025-11-12 05:30:54'),
(306, 2, 10.777885, 106.702148, 46.84, '2025-11-12 05:30:54'),
(307, 3, 10.780000, 106.705000, 45.45, '2025-11-12 05:30:54'),
(308, 1, 10.770667, 106.690757, 37.12, '2025-11-12 05:30:59'),
(309, 2, 10.777532, 106.701673, 46.84, '2025-11-12 05:30:59'),
(310, 3, 10.780000, 106.705000, 45.45, '2025-11-12 05:30:59'),
(311, 1, 10.770511, 106.690313, 37.12, '2025-11-12 05:31:04'),
(312, 2, 10.777180, 106.701198, 46.84, '2025-11-12 05:31:04'),
(313, 3, 10.780317, 106.705480, 45.45, '2025-11-12 05:31:04'),
(314, 1, 10.770355, 106.689868, 37.12, '2025-11-12 05:31:09'),
(315, 2, 10.776889, 106.700806, 46.84, '2025-11-12 05:31:09'),
(316, 3, 10.780633, 106.705959, 45.45, '2025-11-12 05:31:09'),
(317, 1, 10.770199, 106.689424, 37.12, '2025-11-12 05:31:14'),
(318, 2, 10.776889, 106.700806, 46.84, '2025-11-12 05:31:14'),
(319, 3, 10.780950, 106.706439, 45.45, '2025-11-12 05:31:14'),
(320, 1, 10.770043, 106.688979, 37.12, '2025-11-12 05:31:19'),
(321, 2, 10.776563, 106.700312, 46.84, '2025-11-12 05:31:19'),
(322, 3, 10.781267, 106.706918, 45.45, '2025-11-12 05:31:19'),
(323, 1, 10.769887, 106.688535, 37.12, '2025-11-12 05:31:24'),
(324, 2, 10.776236, 106.699817, 46.84, '2025-11-12 05:31:24'),
(325, 3, 10.781583, 106.707398, 45.45, '2025-11-12 05:31:24'),
(326, 1, 10.769731, 106.688090, 37.12, '2025-11-12 05:31:29'),
(327, 2, 10.775910, 106.699323, 46.84, '2025-11-12 05:31:29'),
(328, 3, 10.781900, 106.707878, 45.45, '2025-11-12 05:31:29'),
(329, 1, 10.769575, 106.687646, 37.12, '2025-11-12 05:31:34'),
(330, 2, 10.775584, 106.698829, 46.84, '2025-11-12 05:31:34'),
(331, 3, 10.782217, 106.708357, 45.45, '2025-11-12 05:31:34'),
(332, 1, 10.769420, 106.687201, 37.12, '2025-11-12 05:31:39'),
(333, 2, 10.775257, 106.698335, 46.84, '2025-11-12 05:31:39'),
(334, 3, 10.782534, 106.708837, 45.45, '2025-11-12 05:31:39'),
(335, 1, 10.769264, 106.686757, 37.12, '2025-11-12 05:31:44'),
(336, 2, 10.774931, 106.697840, 46.84, '2025-11-12 05:31:44'),
(337, 3, 10.782850, 106.709317, 45.45, '2025-11-12 05:31:44'),
(338, 1, 10.769108, 106.686312, 37.12, '2025-11-12 05:31:49'),
(339, 2, 10.774605, 106.697346, 46.84, '2025-11-12 05:31:49'),
(340, 3, 10.783167, 106.709796, 45.45, '2025-11-12 05:31:49'),
(341, 1, 10.768952, 106.685868, 37.12, '2025-11-12 05:31:54'),
(342, 2, 10.774278, 106.696852, 46.84, '2025-11-12 05:31:54'),
(343, 3, 10.783456, 106.710234, 45.45, '2025-11-12 05:31:54'),
(344, 1, 10.768796, 106.685423, 37.12, '2025-11-12 05:31:59'),
(345, 2, 10.773952, 106.696357, 46.84, '2025-11-12 05:31:59'),
(346, 3, 10.783456, 106.710234, 45.45, '2025-11-12 05:31:59'),
(347, 1, 10.768640, 106.684979, 37.12, '2025-11-12 05:32:04'),
(348, 2, 10.773626, 106.695863, 46.84, '2025-11-12 05:32:04'),
(349, 3, 10.783818, 106.710679, 45.45, '2025-11-12 05:32:04'),
(350, 1, 10.768484, 106.684534, 37.12, '2025-11-12 05:32:09'),
(351, 2, 10.773299, 106.695369, 46.84, '2025-11-12 05:32:09'),
(352, 3, 10.784181, 106.711124, 45.45, '2025-11-12 05:32:09'),
(353, 1, 10.768328, 106.684090, 37.12, '2025-11-12 05:32:14'),
(354, 2, 10.772973, 106.694875, 46.84, '2025-11-12 05:32:14'),
(355, 3, 10.784543, 106.711569, 45.45, '2025-11-12 05:32:14'),
(356, 1, 10.768247, 106.683859, 37.12, '2025-11-12 05:32:19'),
(357, 2, 10.772646, 106.694380, 46.84, '2025-11-12 05:32:19'),
(358, 3, 10.784905, 106.712014, 45.45, '2025-11-12 05:32:19'),
(359, 1, 10.768405, 106.684310, 37.65, '2025-11-12 05:32:37'),
(360, 2, 10.772912, 106.694782, 38.14, '2025-11-12 05:32:37'),
(361, 3, 10.785204, 106.712382, 37.56, '2025-11-12 05:32:37'),
(362, 1, 10.768563, 106.684761, 37.65, '2025-11-12 05:32:42'),
(363, 2, 10.773177, 106.695185, 38.14, '2025-11-12 05:32:42'),
(364, 3, 10.785504, 106.712749, 37.56, '2025-11-12 05:32:42'),
(365, 1, 10.768722, 106.685212, 37.65, '2025-11-12 05:32:47'),
(366, 2, 10.773443, 106.695587, 38.14, '2025-11-12 05:32:47'),
(367, 3, 10.785803, 106.713117, 37.56, '2025-11-12 05:32:47'),
(368, 1, 10.768880, 106.685662, 37.65, '2025-11-12 05:32:52'),
(369, 2, 10.773709, 106.695990, 38.14, '2025-11-12 05:32:52'),
(370, 3, 10.786103, 106.713484, 37.56, '2025-11-12 05:32:52'),
(371, 1, 10.769038, 106.686113, 37.65, '2025-11-12 05:32:57'),
(372, 2, 10.773975, 106.696392, 38.14, '2025-11-12 05:32:57'),
(373, 3, 10.786402, 106.713852, 37.56, '2025-11-12 05:32:57'),
(374, 1, 10.769196, 106.686564, 37.65, '2025-11-12 05:33:02'),
(375, 2, 10.774240, 106.696795, 38.14, '2025-11-12 05:33:02'),
(376, 3, 10.786702, 106.714220, 37.56, '2025-11-12 05:33:02'),
(377, 1, 10.769354, 106.687015, 37.65, '2025-11-12 05:33:07'),
(378, 2, 10.774506, 106.697197, 38.14, '2025-11-12 05:33:07'),
(379, 3, 10.787001, 106.714587, 37.56, '2025-11-12 05:33:07'),
(380, 1, 10.769512, 106.687466, 37.65, '2025-11-12 05:33:12'),
(381, 2, 10.774772, 106.697599, 38.14, '2025-11-12 05:33:12'),
(382, 3, 10.787301, 106.714955, 37.56, '2025-11-12 05:33:12'),
(383, 1, 10.769671, 106.687917, 37.65, '2025-11-12 05:33:17'),
(384, 2, 10.775037, 106.698002, 38.14, '2025-11-12 05:33:17'),
(385, 3, 10.787600, 106.715322, 37.56, '2025-11-12 05:33:17'),
(386, 1, 10.769829, 106.688368, 37.65, '2025-11-12 05:33:22'),
(387, 2, 10.775303, 106.698404, 38.14, '2025-11-12 05:33:22'),
(388, 3, 10.787890, 106.715678, 37.56, '2025-11-12 05:33:22'),
(389, 1, 10.769987, 106.688819, 37.65, '2025-11-12 05:33:27'),
(390, 2, 10.775569, 106.698807, 38.14, '2025-11-12 05:33:27'),
(391, 3, 10.787890, 106.715678, 37.56, '2025-11-12 05:33:27'),
(392, 1, 10.770145, 106.689269, 37.65, '2025-11-12 05:33:32'),
(393, 2, 10.775835, 106.699209, 38.14, '2025-11-12 05:33:32'),
(394, 3, 10.788175, 106.716057, 37.56, '2025-11-12 05:33:32'),
(395, 1, 10.770303, 106.689720, 37.65, '2025-11-12 05:33:37'),
(396, 2, 10.776100, 106.699612, 38.14, '2025-11-12 05:33:37'),
(397, 3, 10.788460, 106.716436, 37.56, '2025-11-12 05:33:37'),
(398, 1, 10.770461, 106.690171, 37.65, '2025-11-12 05:33:42'),
(399, 2, 10.776366, 106.700014, 38.14, '2025-11-12 05:33:42'),
(400, 3, 10.788746, 106.716815, 37.56, '2025-11-12 05:33:42'),
(401, 1, 10.770620, 106.690622, 37.65, '2025-11-12 05:33:47'),
(402, 2, 10.776632, 106.700417, 38.14, '2025-11-12 05:33:47'),
(403, 3, 10.789031, 106.717195, 37.56, '2025-11-12 05:33:47'),
(404, 1, 10.770778, 106.691073, 37.65, '2025-11-12 05:33:52'),
(405, 2, 10.776889, 106.700806, 38.14, '2025-11-12 05:33:52'),
(406, 3, 10.789316, 106.717574, 37.56, '2025-11-12 05:33:52'),
(407, 1, 10.770936, 106.691524, 37.65, '2025-11-12 05:33:57'),
(408, 2, 10.776889, 106.700806, 38.14, '2025-11-12 05:33:57'),
(409, 3, 10.789601, 106.717953, 37.56, '2025-11-12 05:33:57'),
(410, 1, 10.771094, 106.691975, 37.65, '2025-11-12 05:34:02'),
(411, 2, 10.777176, 106.701193, 38.14, '2025-11-12 05:34:02'),
(412, 3, 10.789887, 106.718332, 37.56, '2025-11-12 05:34:02'),
(413, 1, 10.771135, 106.692091, 37.65, '2025-11-12 05:34:07'),
(414, 2, 10.777463, 106.701580, 38.14, '2025-11-12 05:34:07'),
(415, 3, 10.790172, 106.718711, 37.56, '2025-11-12 05:34:07'),
(416, 1, 10.771135, 106.692091, 37.65, '2025-11-12 05:34:12'),
(417, 2, 10.777750, 106.701967, 38.14, '2025-11-12 05:34:12'),
(418, 3, 10.790457, 106.719090, 37.56, '2025-11-12 05:34:12'),
(419, 1, 10.771397, 106.692488, 37.65, '2025-11-12 05:34:17'),
(420, 2, 10.778037, 106.702354, 38.14, '2025-11-12 05:34:17'),
(421, 3, 10.790742, 106.719469, 37.56, '2025-11-12 05:34:17'),
(422, 1, 10.771660, 106.692886, 37.65, '2025-11-12 05:34:22'),
(423, 2, 10.778324, 106.702741, 38.14, '2025-11-12 05:34:22'),
(424, 3, 10.791028, 106.719849, 37.56, '2025-11-12 05:34:22'),
(425, 1, 10.771922, 106.693283, 37.65, '2025-11-12 05:34:27'),
(426, 2, 10.778611, 106.703128, 38.14, '2025-11-12 05:34:27'),
(427, 3, 10.791234, 106.720123, 37.56, '2025-11-12 05:34:27'),
(428, 1, 10.772184, 106.693680, 37.65, '2025-11-12 05:34:32'),
(429, 2, 10.778898, 106.703515, 38.14, '2025-11-12 05:34:32'),
(430, 3, 10.791234, 106.720123, 37.56, '2025-11-12 05:34:32'),
(431, 1, 10.772447, 106.694078, 37.65, '2025-11-12 05:34:37'),
(432, 2, 10.779185, 106.703902, 38.14, '2025-11-12 05:34:37'),
(433, 3, 10.791534, 106.720490, 37.56, '2025-11-12 05:34:37'),
(434, 1, 10.772709, 106.694475, 37.65, '2025-11-12 05:34:42'),
(435, 2, 10.779472, 106.704289, 38.14, '2025-11-12 05:34:42'),
(436, 3, 10.791834, 106.720858, 37.56, '2025-11-12 05:34:42'),
(437, 1, 10.772971, 106.694872, 37.65, '2025-11-12 05:34:47'),
(438, 2, 10.779759, 106.704676, 38.14, '2025-11-12 05:34:47'),
(439, 3, 10.792133, 106.721225, 37.56, '2025-11-12 05:34:47'),
(440, 1, 10.773234, 106.695270, 37.65, '2025-11-12 05:34:52'),
(441, 2, 10.780000, 106.705000, 38.14, '2025-11-12 05:34:52'),
(442, 3, 10.792433, 106.721592, 37.56, '2025-11-12 05:34:52'),
(443, 1, 10.773496, 106.695667, 37.65, '2025-11-12 05:34:57'),
(444, 2, 10.780000, 106.705000, 38.14, '2025-11-12 05:34:57'),
(445, 3, 10.792733, 106.721959, 37.56, '2025-11-12 05:34:57'),
(446, 1, 10.773759, 106.696065, 37.65, '2025-11-12 05:35:02'),
(447, 2, 10.780266, 106.705402, 38.14, '2025-11-12 05:35:02'),
(448, 3, 10.793033, 106.722327, 37.56, '2025-11-12 05:35:02'),
(449, 1, 10.774021, 106.696462, 37.65, '2025-11-12 05:35:07'),
(450, 2, 10.780531, 106.705805, 38.14, '2025-11-12 05:35:07'),
(451, 3, 10.793333, 106.722694, 37.56, '2025-11-12 05:35:07'),
(452, 1, 10.774283, 106.696859, 37.65, '2025-11-12 05:35:12'),
(453, 2, 10.780797, 106.706207, 38.14, '2025-11-12 05:35:12'),
(454, 3, 10.793633, 106.723061, 37.56, '2025-11-12 05:35:12'),
(455, 1, 10.774546, 106.697257, 37.65, '2025-11-12 05:35:17'),
(456, 2, 10.781063, 106.706610, 38.14, '2025-11-12 05:35:17'),
(457, 3, 10.793932, 106.723429, 37.56, '2025-11-12 05:35:17'),
(458, 1, 10.774808, 106.697654, 37.65, '2025-11-12 05:35:22'),
(459, 2, 10.781329, 106.707012, 38.14, '2025-11-12 05:35:22'),
(460, 3, 10.794232, 106.723796, 37.56, '2025-11-12 05:35:22'),
(461, 1, 10.775070, 106.698051, 37.65, '2025-11-12 05:35:27'),
(462, 2, 10.781594, 106.707415, 38.14, '2025-11-12 05:35:27'),
(463, 3, 10.794532, 106.724163, 37.56, '2025-11-12 05:35:27'),
(464, 1, 10.775333, 106.698449, 37.65, '2025-11-12 05:35:32'),
(465, 2, 10.781860, 106.707817, 38.14, '2025-11-12 05:35:32'),
(466, 3, 10.794832, 106.724531, 37.56, '2025-11-12 05:35:32'),
(467, 1, 10.775595, 106.698846, 37.65, '2025-11-12 05:35:37'),
(468, 2, 10.782126, 106.708220, 38.14, '2025-11-12 05:35:37'),
(469, 3, 10.795132, 106.724898, 37.56, '2025-11-12 05:35:37'),
(470, 1, 10.775857, 106.699243, 37.65, '2025-11-12 05:35:42'),
(471, 2, 10.782392, 106.708622, 38.14, '2025-11-12 05:35:42'),
(472, 3, 10.795432, 106.725265, 37.56, '2025-11-12 05:35:42'),
(473, 1, 10.776120, 106.699641, 37.65, '2025-11-12 05:35:47'),
(474, 2, 10.782657, 106.709024, 38.14, '2025-11-12 05:35:47'),
(475, 3, 10.795678, 106.725567, 37.56, '2025-11-12 05:35:47'),
(476, 1, 10.776382, 106.700038, 37.65, '2025-11-12 05:35:52'),
(477, 2, 10.782923, 106.709427, 38.14, '2025-11-12 05:35:52'),
(478, 3, 10.795678, 106.725567, 37.56, '2025-11-12 05:35:52'),
(479, 1, 10.776644, 106.700435, 37.65, '2025-11-12 05:35:57'),
(480, 2, 10.783189, 106.709829, 38.14, '2025-11-12 05:35:57'),
(481, 3, 10.795378, 106.725200, 37.56, '2025-11-12 05:35:57'),
(482, 1, 10.776889, 106.700806, 37.65, '2025-11-12 05:36:02'),
(483, 2, 10.783454, 106.710232, 38.14, '2025-11-12 05:36:02'),
(484, 3, 10.795078, 106.724832, 37.56, '2025-11-12 05:36:02'),
(485, 1, 10.776889, 106.700806, 37.65, '2025-11-12 05:36:07'),
(486, 2, 10.783456, 106.710234, 38.14, '2025-11-12 05:36:07'),
(487, 3, 10.794779, 106.724465, 37.56, '2025-11-12 05:36:07'),
(488, 1, 10.777172, 106.701188, 37.65, '2025-11-12 05:36:12'),
(489, 2, 10.783760, 106.710607, 38.14, '2025-11-12 05:36:12'),
(490, 3, 10.794479, 106.724098, 37.56, '2025-11-12 05:36:12'),
(491, 1, 10.777456, 106.701570, 37.65, '2025-11-12 05:36:17'),
(492, 2, 10.784064, 106.710981, 38.14, '2025-11-12 05:36:17'),
(493, 3, 10.794179, 106.723731, 37.56, '2025-11-12 05:36:17'),
(494, 1, 10.777739, 106.701952, 37.65, '2025-11-12 05:36:22'),
(495, 2, 10.784368, 106.711354, 38.14, '2025-11-12 05:36:22'),
(496, 3, 10.793879, 106.723363, 37.56, '2025-11-12 05:36:22'),
(497, 1, 10.778023, 106.702334, 37.65, '2025-11-12 05:36:27'),
(498, 2, 10.784672, 106.711727, 38.14, '2025-11-12 05:36:27'),
(499, 3, 10.793579, 106.722996, 37.56, '2025-11-12 05:36:27'),
(500, 1, 10.778306, 106.702716, 37.65, '2025-11-12 05:36:32'),
(501, 2, 10.784976, 106.712100, 38.14, '2025-11-12 05:36:32'),
(502, 3, 10.793279, 106.722629, 37.56, '2025-11-12 05:36:32'),
(503, 1, 10.778589, 106.703098, 37.65, '2025-11-12 05:36:37'),
(504, 2, 10.785280, 106.712474, 38.14, '2025-11-12 05:36:37'),
(505, 3, 10.792980, 106.722261, 37.56, '2025-11-12 05:36:37'),
(506, 1, 10.778873, 106.703481, 37.65, '2025-11-12 05:36:42'),
(507, 2, 10.785584, 106.712847, 38.14, '2025-11-12 05:36:42'),
(508, 3, 10.792680, 106.721894, 37.56, '2025-11-12 05:36:42'),
(509, 1, 10.779156, 106.703863, 37.65, '2025-11-12 05:36:47'),
(510, 2, 10.785888, 106.713220, 38.14, '2025-11-12 05:36:47'),
(511, 3, 10.792380, 106.721527, 37.56, '2025-11-12 05:36:47'),
(512, 1, 10.779440, 106.704245, 37.65, '2025-11-12 05:36:52'),
(513, 2, 10.786192, 106.713594, 38.14, '2025-11-12 05:36:52'),
(514, 3, 10.792080, 106.721159, 37.56, '2025-11-12 05:36:52'),
(515, 1, 10.779723, 106.704627, 37.65, '2025-11-12 05:36:57'),
(516, 2, 10.786496, 106.713967, 38.14, '2025-11-12 05:36:57'),
(517, 3, 10.791780, 106.720792, 37.56, '2025-11-12 05:36:57'),
(518, 1, 10.780000, 106.705000, 37.65, '2025-11-12 05:37:02'),
(519, 2, 10.786800, 106.714340, 38.14, '2025-11-12 05:37:02'),
(520, 3, 10.791480, 106.720425, 37.56, '2025-11-12 05:37:02'),
(521, 1, 10.780000, 106.705000, 37.65, '2025-11-12 05:37:07'),
(522, 2, 10.787104, 106.714713, 38.14, '2025-11-12 05:37:07'),
(523, 3, 10.791234, 106.720123, 37.56, '2025-11-12 05:37:07'),
(524, 1, 10.779717, 106.704618, 37.65, '2025-11-12 05:37:12'),
(525, 2, 10.787408, 106.715087, 38.14, '2025-11-12 05:37:12'),
(526, 3, 10.791234, 106.720123, 37.56, '2025-11-12 05:37:12'),
(527, 1, 10.779433, 106.704236, 37.65, '2025-11-12 05:37:17'),
(528, 2, 10.787712, 106.715460, 38.14, '2025-11-12 05:37:17'),
(529, 3, 10.790949, 106.719744, 37.56, '2025-11-12 05:37:17'),
(530, 1, 10.779150, 106.703854, 37.65, '2025-11-12 05:37:22'),
(531, 2, 10.787890, 106.715678, 38.14, '2025-11-12 05:37:22'),
(532, 3, 10.790664, 106.719365, 37.56, '2025-11-12 05:37:22'),
(533, 1, 10.778866, 106.703472, 37.65, '2025-11-12 05:37:27'),
(534, 2, 10.787890, 106.715678, 38.14, '2025-11-12 05:37:27'),
(535, 3, 10.790378, 106.718986, 37.56, '2025-11-12 05:37:27'),
(536, 1, 10.778583, 106.703090, 37.65, '2025-11-12 05:37:32'),
(537, 2, 10.787586, 106.715305, 38.14, '2025-11-12 05:37:32'),
(538, 3, 10.790093, 106.718606, 37.56, '2025-11-12 05:37:32'),
(539, 1, 10.778300, 106.702708, 37.65, '2025-11-12 05:37:37'),
(540, 2, 10.787282, 106.714931, 38.14, '2025-11-12 05:37:37'),
(541, 3, 10.789808, 106.718227, 37.56, '2025-11-12 05:37:37'),
(542, 1, 10.778016, 106.702325, 37.65, '2025-11-12 05:37:42'),
(543, 2, 10.786978, 106.714558, 38.14, '2025-11-12 05:37:42'),
(544, 3, 10.789523, 106.717848, 37.56, '2025-11-12 05:37:42'),
(545, 1, 10.777733, 106.701943, 37.65, '2025-11-12 05:37:47'),
(546, 2, 10.786674, 106.714185, 38.14, '2025-11-12 05:37:47'),
(547, 3, 10.789237, 106.717469, 37.56, '2025-11-12 05:37:47'),
(548, 1, 10.777449, 106.701561, 37.65, '2025-11-12 05:37:52'),
(549, 2, 10.786370, 106.713812, 38.14, '2025-11-12 05:37:52'),
(550, 3, 10.788952, 106.717090, 37.56, '2025-11-12 05:37:52'),
(551, 1, 10.777166, 106.701179, 37.65, '2025-11-12 05:37:57'),
(552, 2, 10.786066, 106.713438, 38.14, '2025-11-12 05:37:57'),
(553, 3, 10.788667, 106.716711, 37.56, '2025-11-12 05:37:57'),
(554, 1, 10.776889, 106.700806, 37.65, '2025-11-12 05:38:02'),
(555, 2, 10.785762, 106.713065, 38.14, '2025-11-12 05:38:02'),
(556, 3, 10.788382, 106.716332, 37.56, '2025-11-12 05:38:02'),
(557, 1, 10.776889, 106.700806, 37.65, '2025-11-12 05:38:07'),
(558, 2, 10.785458, 106.712692, 38.14, '2025-11-12 05:38:07'),
(559, 3, 10.788096, 106.715952, 37.56, '2025-11-12 05:38:07'),
(560, 1, 10.776627, 106.700409, 37.65, '2025-11-12 05:38:12'),
(561, 2, 10.785154, 106.712318, 38.14, '2025-11-12 05:38:12'),
(562, 3, 10.787890, 106.715678, 37.56, '2025-11-12 05:38:12'),
(563, 1, 10.776364, 106.700011, 37.65, '2025-11-12 05:38:17'),
(564, 2, 10.784850, 106.711945, 38.14, '2025-11-12 05:38:17'),
(565, 3, 10.787890, 106.715678, 37.56, '2025-11-12 05:38:17'),
(566, 1, 10.776102, 106.699614, 37.65, '2025-11-12 05:38:22'),
(567, 2, 10.784546, 106.711572, 38.14, '2025-11-12 05:38:22'),
(568, 3, 10.787591, 106.715310, 37.56, '2025-11-12 05:38:22'),
(569, 1, 10.775840, 106.699217, 37.65, '2025-11-12 05:38:27'),
(570, 2, 10.784242, 106.711199, 38.14, '2025-11-12 05:38:27'),
(571, 3, 10.787291, 106.714943, 37.56, '2025-11-12 05:38:27'),
(572, 1, 10.775577, 106.698819, 37.65, '2025-11-12 05:38:32'),
(573, 2, 10.783938, 106.710825, 38.14, '2025-11-12 05:38:32'),
(574, 3, 10.786992, 106.714575, 37.56, '2025-11-12 05:38:32'),
(575, 1, 10.775315, 106.698422, 37.65, '2025-11-12 05:38:37'),
(576, 2, 10.783634, 106.710452, 38.14, '2025-11-12 05:38:37'),
(577, 3, 10.786692, 106.714207, 37.56, '2025-11-12 05:38:37'),
(578, 1, 10.775053, 106.698025, 37.65, '2025-11-12 05:38:42'),
(579, 2, 10.783456, 106.710234, 38.14, '2025-11-12 05:38:42'),
(580, 3, 10.786393, 106.713840, 37.56, '2025-11-12 05:38:42'),
(581, 1, 10.774790, 106.697627, 37.65, '2025-11-12 05:38:47'),
(582, 2, 10.783456, 106.710234, 38.14, '2025-11-12 05:38:47'),
(583, 3, 10.786093, 106.713472, 37.56, '2025-11-12 05:38:47'),
(584, 1, 10.774528, 106.697230, 37.65, '2025-11-12 05:38:52'),
(585, 2, 10.783190, 106.709832, 38.14, '2025-11-12 05:38:52'),
(586, 3, 10.785794, 106.713105, 37.56, '2025-11-12 05:38:52'),
(587, 1, 10.774265, 106.696832, 37.65, '2025-11-12 05:38:57'),
(588, 2, 10.782925, 106.709429, 38.14, '2025-11-12 05:38:57'),
(589, 3, 10.785495, 106.712737, 37.56, '2025-11-12 05:38:57'),
(590, 1, 10.774003, 106.696435, 37.65, '2025-11-12 05:39:02'),
(591, 2, 10.782659, 106.709027, 38.14, '2025-11-12 05:39:02'),
(592, 3, 10.785195, 106.712369, 37.56, '2025-11-12 05:39:02'),
(593, 1, 10.773741, 106.696038, 37.65, '2025-11-12 05:39:07'),
(594, 2, 10.782393, 106.708624, 38.14, '2025-11-12 05:39:07'),
(595, 3, 10.784896, 106.712002, 37.56, '2025-11-12 05:39:07'),
(596, 1, 10.773478, 106.695640, 37.65, '2025-11-12 05:39:12'),
(597, 2, 10.782127, 106.708222, 38.14, '2025-11-12 05:39:12'),
(598, 3, 10.784596, 106.711634, 37.56, '2025-11-12 05:39:12'),
(599, 1, 10.773216, 106.695243, 37.65, '2025-11-12 05:39:17'),
(600, 2, 10.781862, 106.707819, 38.14, '2025-11-12 05:39:17'),
(601, 3, 10.784297, 106.711266, 37.56, '2025-11-12 05:39:17'),
(602, 1, 10.772954, 106.694846, 37.65, '2025-11-12 05:39:22'),
(603, 2, 10.781596, 106.707417, 38.14, '2025-11-12 05:39:22'),
(604, 3, 10.783998, 106.710899, 37.56, '2025-11-12 05:39:22'),
(605, 1, 10.772691, 106.694448, 37.65, '2025-11-12 05:39:27'),
(606, 2, 10.781330, 106.707014, 38.14, '2025-11-12 05:39:27'),
(607, 3, 10.783698, 106.710531, 37.56, '2025-11-12 05:39:27'),
(608, 1, 10.772429, 106.694051, 37.65, '2025-11-12 05:39:32'),
(609, 2, 10.781064, 106.706612, 38.14, '2025-11-12 05:39:32'),
(610, 3, 10.783456, 106.710234, 37.56, '2025-11-12 05:39:32'),
(611, 1, 10.772167, 106.693654, 37.65, '2025-11-12 05:39:37'),
(612, 2, 10.780799, 106.706210, 38.14, '2025-11-12 05:39:37'),
(613, 3, 10.783456, 106.710234, 37.56, '2025-11-12 05:39:38'),
(614, 1, 10.771904, 106.693256, 37.65, '2025-11-12 05:39:43'),
(615, 2, 10.780533, 106.705807, 38.14, '2025-11-12 05:39:43'),
(616, 3, 10.783194, 106.709838, 37.56, '2025-11-12 05:39:43'),
(617, 1, 10.771642, 106.692859, 37.65, '2025-11-12 05:39:48'),
(618, 2, 10.780267, 106.705405, 38.14, '2025-11-12 05:39:48'),
(619, 3, 10.782933, 106.709441, 37.56, '2025-11-12 05:39:48'),
(620, 1, 10.771380, 106.692462, 37.65, '2025-11-12 05:39:53'),
(621, 2, 10.780002, 106.705002, 38.14, '2025-11-12 05:39:53'),
(622, 3, 10.782671, 106.709045, 37.56, '2025-11-12 05:39:53'),
(623, 1, 10.771135, 106.692091, 37.65, '2025-11-12 05:39:58'),
(624, 2, 10.780000, 106.705000, 38.14, '2025-11-12 05:39:58'),
(625, 3, 10.782409, 106.708649, 37.56, '2025-11-12 05:39:58'),
(626, 1, 10.771135, 106.692091, 37.65, '2025-11-12 05:40:03'),
(627, 2, 10.779713, 106.704613, 38.14, '2025-11-12 05:40:03'),
(628, 3, 10.782148, 106.708252, 37.56, '2025-11-12 05:40:03'),
(629, 1, 10.770977, 106.691640, 37.65, '2025-11-12 05:40:08'),
(630, 2, 10.779426, 106.704226, 38.14, '2025-11-12 05:40:08'),
(631, 3, 10.781886, 106.707856, 37.56, '2025-11-12 05:40:08'),
(632, 1, 10.770819, 106.691189, 37.65, '2025-11-12 05:40:13'),
(633, 2, 10.779139, 106.703839, 38.14, '2025-11-12 05:40:13'),
(634, 3, 10.781624, 106.707460, 37.56, '2025-11-12 05:40:13'),
(635, 1, 10.770660, 106.690738, 37.65, '2025-11-12 05:40:18'),
(636, 2, 10.778852, 106.703452, 38.14, '2025-11-12 05:40:18'),
(637, 3, 10.781362, 106.707063, 37.56, '2025-11-12 05:40:18'),
(638, 1, 10.770502, 106.690288, 37.65, '2025-11-12 05:40:23'),
(639, 2, 10.778565, 106.703065, 38.14, '2025-11-12 05:40:23'),
(640, 3, 10.781101, 106.706667, 37.56, '2025-11-12 05:40:23'),
(641, 1, 10.770344, 106.689837, 37.65, '2025-11-12 05:40:28'),
(642, 2, 10.778278, 106.702678, 38.14, '2025-11-12 05:40:28'),
(643, 3, 10.780839, 106.706271, 37.56, '2025-11-12 05:40:28'),
(644, 1, 10.770186, 106.689386, 37.65, '2025-11-12 05:40:33'),
(645, 2, 10.777991, 106.702291, 38.14, '2025-11-12 05:40:33'),
(646, 3, 10.780577, 106.705874, 37.56, '2025-11-12 05:40:33'),
(647, 1, 10.770028, 106.688935, 37.65, '2025-11-12 05:40:38'),
(648, 2, 10.777704, 106.701904, 38.14, '2025-11-12 05:40:38'),
(649, 3, 10.780316, 106.705478, 37.56, '2025-11-12 05:40:38'),
(650, 1, 10.769870, 106.688484, 37.65, '2025-11-12 05:40:43'),
(651, 2, 10.777417, 106.701517, 38.14, '2025-11-12 05:40:43'),
(652, 3, 10.780054, 106.705082, 37.56, '2025-11-12 05:40:43'),
(653, 1, 10.769711, 106.688033, 37.65, '2025-11-12 05:40:48'),
(654, 2, 10.777130, 106.701130, 38.14, '2025-11-12 05:40:48'),
(655, 3, 10.780000, 106.705000, 37.56, '2025-11-12 05:40:48'),
(656, 1, 10.769553, 106.687582, 37.65, '2025-11-12 05:40:53'),
(657, 2, 10.776889, 106.700806, 38.14, '2025-11-12 05:40:53'),
(658, 3, 10.780000, 106.705000, 37.56, '2025-11-12 05:40:53'),
(659, 1, 10.769395, 106.687131, 37.65, '2025-11-12 05:40:58'),
(660, 2, 10.776889, 106.700806, 38.14, '2025-11-12 05:40:58'),
(661, 3, 10.780262, 106.705396, 37.56, '2025-11-12 05:40:58'),
(662, 1, 10.769237, 106.686681, 37.65, '2025-11-12 05:41:03'),
(663, 2, 10.776623, 106.700404, 38.14, '2025-11-12 05:41:03'),
(664, 3, 10.780523, 106.705793, 37.56, '2025-11-12 05:41:03'),
(665, 1, 10.769079, 106.686230, 37.65, '2025-11-12 05:41:08'),
(666, 2, 10.776358, 106.700001, 38.14, '2025-11-12 05:41:08'),
(667, 3, 10.780785, 106.706189, 37.56, '2025-11-12 05:41:08'),
(668, 1, 10.768921, 106.685779, 37.65, '2025-11-12 05:41:13'),
(669, 2, 10.776092, 106.699599, 38.14, '2025-11-12 05:41:13'),
(670, 3, 10.781047, 106.706585, 37.56, '2025-11-12 05:41:13'),
(671, 1, 10.768762, 106.685328, 37.65, '2025-11-12 05:41:18'),
(672, 2, 10.775826, 106.699196, 38.14, '2025-11-12 05:41:18'),
(673, 3, 10.781308, 106.706982, 37.56, '2025-11-12 05:41:18'),
(674, 1, 10.768604, 106.684877, 37.65, '2025-11-12 05:41:23'),
(675, 2, 10.775560, 106.698794, 38.14, '2025-11-12 05:41:23'),
(676, 3, 10.781570, 106.707378, 37.56, '2025-11-12 05:41:23'),
(677, 1, 10.768446, 106.684426, 37.65, '2025-11-12 05:41:28'),
(678, 2, 10.775295, 106.698391, 38.14, '2025-11-12 05:41:28'),
(679, 3, 10.781832, 106.707774, 37.56, '2025-11-12 05:41:28'),
(680, 1, 10.768288, 106.683975, 37.65, '2025-11-12 05:41:33'),
(681, 2, 10.775029, 106.697989, 38.14, '2025-11-12 05:41:33'),
(682, 3, 10.782094, 106.708171, 37.56, '2025-11-12 05:41:33'),
(683, 1, 10.768247, 106.683859, 37.65, '2025-11-12 05:41:38'),
(684, 2, 10.774763, 106.697586, 38.14, '2025-11-12 05:41:38'),
(685, 3, 10.782355, 106.708567, 37.56, '2025-11-12 05:41:38'),
(686, 1, 10.768247, 106.683859, 37.65, '2025-11-12 05:41:43'),
(687, 2, 10.774498, 106.697184, 38.14, '2025-11-12 05:41:43'),
(688, 3, 10.782617, 106.708963, 37.56, '2025-11-12 05:41:43'),
(689, 1, 10.767798, 106.683717, 37.65, '2025-11-12 05:41:48'),
(690, 2, 10.774232, 106.696782, 38.14, '2025-11-12 05:41:48'),
(691, 3, 10.782879, 106.709360, 37.56, '2025-11-12 05:41:48'),
(692, 1, 10.767349, 106.683575, 37.65, '2025-11-12 05:41:53'),
(693, 2, 10.773966, 106.696379, 38.14, '2025-11-12 05:41:53'),
(694, 3, 10.783140, 106.709756, 37.56, '2025-11-12 05:41:53'),
(695, 1, 10.766900, 106.683433, 37.65, '2025-11-12 05:41:58'),
(696, 2, 10.773701, 106.695977, 38.14, '2025-11-12 05:41:58'),
(697, 3, 10.783402, 106.710152, 37.56, '2025-11-12 05:41:58'),
(698, 1, 10.766451, 106.683290, 37.65, '2025-11-12 05:42:03'),
(699, 2, 10.773435, 106.695574, 38.14, '2025-11-12 05:42:03'),
(700, 3, 10.783456, 106.710234, 37.56, '2025-11-12 05:42:03'),
(701, 1, 10.766001, 106.683148, 37.65, '2025-11-12 05:42:08'),
(702, 2, 10.773169, 106.695172, 38.14, '2025-11-12 05:42:08'),
(703, 3, 10.783456, 106.710234, 37.56, '2025-11-12 05:42:08'),
(704, 1, 10.765552, 106.683006, 37.65, '2025-11-12 05:42:13'),
(705, 2, 10.772903, 106.694769, 38.14, '2025-11-12 05:42:13'),
(706, 3, 10.783755, 106.710602, 37.56, '2025-11-12 05:42:13'),
(707, 1, 10.765103, 106.682864, 37.65, '2025-11-12 05:42:18'),
(708, 2, 10.772638, 106.694367, 38.14, '2025-11-12 05:42:18'),
(709, 3, 10.784055, 106.710969, 37.56, '2025-11-12 05:42:18'),
(710, 1, 10.764654, 106.682722, 37.65, '2025-11-12 05:42:23'),
(711, 2, 10.772372, 106.693965, 38.14, '2025-11-12 05:42:23'),
(712, 3, 10.784354, 106.711337, 37.56, '2025-11-12 05:42:23'),
(713, 1, 10.764205, 106.682580, 37.65, '2025-11-12 05:42:28'),
(714, 2, 10.772106, 106.693562, 38.14, '2025-11-12 05:42:28'),
(715, 3, 10.784654, 106.711705, 37.56, '2025-11-12 05:42:28'),
(716, 1, 10.763756, 106.682438, 37.65, '2025-11-12 05:42:33'),
(717, 2, 10.771841, 106.693160, 38.14, '2025-11-12 05:42:33'),
(718, 3, 10.784953, 106.712072, 37.56, '2025-11-12 05:42:33'),
(719, 1, 10.763307, 106.682296, 37.65, '2025-11-12 05:42:38'),
(720, 2, 10.771575, 106.692757, 38.14, '2025-11-12 05:42:38'),
(721, 3, 10.785253, 106.712440, 37.56, '2025-11-12 05:42:38'),
(722, 1, 10.762913, 106.682171, 37.65, '2025-11-12 05:42:43'),
(723, 2, 10.771309, 106.692355, 38.14, '2025-11-12 05:42:43'),
(724, 3, 10.785552, 106.712807, 37.56, '2025-11-12 05:42:43'),
(725, 1, 10.762913, 106.682171, 37.65, '2025-11-12 05:42:48'),
(726, 2, 10.771135, 106.692091, 38.14, '2025-11-12 05:42:48'),
(727, 3, 10.785851, 106.713175, 37.56, '2025-11-12 05:42:48'),
(728, 1, 10.763362, 106.682313, 37.65, '2025-11-12 05:42:53'),
(729, 2, 10.771135, 106.692091, 38.14, '2025-11-12 05:42:53'),
(730, 3, 10.786151, 106.713543, 37.56, '2025-11-12 05:42:53'),
(731, 1, 10.763811, 106.682455, 37.65, '2025-11-12 05:42:58'),
(732, 2, 10.771401, 106.692493, 38.14, '2025-11-12 05:42:58'),
(733, 3, 10.786450, 106.713910, 37.56, '2025-11-12 05:42:58'),
(734, 1, 10.764260, 106.682597, 37.65, '2025-11-12 05:43:03'),
(735, 2, 10.771666, 106.692896, 38.14, '2025-11-12 05:43:03'),
(736, 3, 10.786750, 106.714278, 37.56, '2025-11-12 05:43:03'),
(737, 1, 10.764709, 106.682740, 37.65, '2025-11-12 05:43:08'),
(738, 2, 10.771932, 106.693298, 38.14, '2025-11-12 05:43:08'),
(739, 3, 10.787049, 106.714646, 37.56, '2025-11-12 05:43:08'),
(740, 1, 10.765159, 106.682882, 37.65, '2025-11-12 05:43:13'),
(741, 2, 10.772198, 106.693701, 38.14, '2025-11-12 05:43:13'),
(742, 3, 10.787349, 106.715013, 37.56, '2025-11-12 05:43:13'),
(743, 1, 10.765608, 106.683024, 37.65, '2025-11-12 05:43:18'),
(744, 2, 10.772464, 106.694103, 38.14, '2025-11-12 05:43:18'),
(745, 3, 10.787648, 106.715381, 37.56, '2025-11-12 05:43:18'),
(746, 1, 10.766057, 106.683166, 37.65, '2025-11-12 05:43:23'),
(747, 2, 10.772729, 106.694506, 38.14, '2025-11-12 05:43:23'),
(748, 3, 10.787890, 106.715678, 37.56, '2025-11-12 05:43:23'),
(749, 1, 10.766506, 106.683308, 37.65, '2025-11-12 05:43:28'),
(750, 2, 10.772995, 106.694908, 38.14, '2025-11-12 05:43:28'),
(751, 3, 10.787890, 106.715678, 37.56, '2025-11-12 05:43:28'),
(752, 1, 10.766955, 106.683450, 37.65, '2025-11-12 05:43:33'),
(753, 2, 10.773261, 106.695311, 38.14, '2025-11-12 05:43:33'),
(754, 3, 10.788175, 106.716057, 37.56, '2025-11-12 05:43:33'),
(755, 1, 10.767404, 106.683592, 37.65, '2025-11-12 05:43:38'),
(756, 2, 10.773526, 106.695713, 38.14, '2025-11-12 05:43:38'),
(757, 3, 10.788460, 106.716436, 37.56, '2025-11-12 05:43:38'),
(758, 1, 10.767853, 106.683734, 37.65, '2025-11-12 05:43:43'),
(759, 2, 10.773792, 106.696115, 38.14, '2025-11-12 05:43:43'),
(760, 3, 10.788746, 106.716815, 37.56, '2025-11-12 05:43:43'),
(761, 1, 10.768247, 106.683859, 37.65, '2025-11-12 05:43:48'),
(762, 2, 10.774058, 106.696518, 38.14, '2025-11-12 05:43:48'),
(763, 3, 10.789031, 106.717195, 37.56, '2025-11-12 05:43:48'),
(764, 1, 10.768247, 106.683859, 37.65, '2025-11-12 05:43:53'),
(765, 2, 10.774324, 106.696920, 38.14, '2025-11-12 05:43:53'),
(766, 3, 10.789316, 106.717574, 37.56, '2025-11-12 05:43:53'),
(767, 1, 10.768405, 106.684310, 37.65, '2025-11-12 05:43:58'),
(768, 2, 10.774589, 106.697323, 38.14, '2025-11-12 05:43:58'),
(769, 3, 10.789601, 106.717953, 37.56, '2025-11-12 05:43:58'),
(770, 1, 10.768563, 106.684761, 37.65, '2025-11-12 05:44:03'),
(771, 2, 10.774855, 106.697725, 38.14, '2025-11-12 05:44:03'),
(772, 3, 10.789887, 106.718332, 37.56, '2025-11-12 05:44:03'),
(773, 1, 10.768722, 106.685212, 37.65, '2025-11-12 05:44:08'),
(774, 2, 10.775121, 106.698128, 38.14, '2025-11-12 05:44:08'),
(775, 3, 10.790172, 106.718711, 37.56, '2025-11-12 05:44:08'),
(776, 1, 10.768880, 106.685662, 37.65, '2025-11-12 05:44:13'),
(777, 2, 10.775386, 106.698530, 38.14, '2025-11-12 05:44:13'),
(778, 3, 10.790457, 106.719090, 37.56, '2025-11-12 05:44:13'),
(779, 1, 10.769038, 106.686113, 37.65, '2025-11-12 05:44:18'),
(780, 2, 10.775652, 106.698933, 38.14, '2025-11-12 05:44:18'),
(781, 3, 10.790742, 106.719469, 37.56, '2025-11-12 05:44:18'),
(782, 1, 10.769196, 106.686564, 37.65, '2025-11-12 05:44:23'),
(783, 2, 10.775918, 106.699335, 38.14, '2025-11-12 05:44:23'),
(784, 3, 10.791028, 106.719849, 37.56, '2025-11-12 05:44:23'),
(785, 1, 10.769354, 106.687015, 37.65, '2025-11-12 05:44:28'),
(786, 2, 10.776183, 106.699737, 38.14, '2025-11-12 05:44:28'),
(787, 3, 10.791234, 106.720123, 37.56, '2025-11-12 05:44:28'),
(788, 1, 10.769512, 106.687466, 37.65, '2025-11-12 05:44:33'),
(789, 2, 10.776449, 106.700140, 38.14, '2025-11-12 05:44:33'),
(790, 3, 10.791234, 106.720123, 37.56, '2025-11-12 05:44:33'),
(791, 1, 10.769671, 106.687917, 37.65, '2025-11-12 05:44:38'),
(792, 2, 10.776715, 106.700542, 38.14, '2025-11-12 05:44:38'),
(793, 3, 10.791534, 106.720490, 37.56, '2025-11-12 05:44:38'),
(794, 1, 10.769829, 106.688368, 37.65, '2025-11-12 05:44:43'),
(795, 2, 10.776889, 106.700806, 38.14, '2025-11-12 05:44:43'),
(796, 3, 10.791834, 106.720858, 37.56, '2025-11-12 05:44:43'),
(797, 1, 10.769987, 106.688819, 37.65, '2025-11-12 05:44:48'),
(798, 2, 10.776889, 106.700806, 38.14, '2025-11-12 05:44:48'),
(799, 3, 10.792133, 106.721225, 37.56, '2025-11-12 05:44:48'),
(800, 1, 10.770145, 106.689269, 37.65, '2025-11-12 05:44:53'),
(801, 2, 10.777176, 106.701193, 38.14, '2025-11-12 05:44:53'),
(802, 3, 10.792433, 106.721592, 37.56, '2025-11-12 05:44:53'),
(803, 1, 10.770303, 106.689720, 37.65, '2025-11-12 05:44:58'),
(804, 2, 10.777463, 106.701580, 38.14, '2025-11-12 05:44:58'),
(805, 3, 10.792733, 106.721959, 37.56, '2025-11-12 05:44:58'),
(806, 1, 10.770461, 106.690171, 37.65, '2025-11-12 05:45:03'),
(807, 2, 10.777750, 106.701967, 38.14, '2025-11-12 05:45:03'),
(808, 3, 10.793033, 106.722327, 37.56, '2025-11-12 05:45:03'),
(809, 1, 10.770620, 106.690622, 37.65, '2025-11-12 05:45:08'),
(810, 2, 10.778037, 106.702354, 38.14, '2025-11-12 05:45:08'),
(811, 3, 10.793333, 106.722694, 37.56, '2025-11-12 05:45:08'),
(812, 1, 10.770778, 106.691073, 37.65, '2025-11-12 05:45:13'),
(813, 2, 10.778324, 106.702741, 38.14, '2025-11-12 05:45:13'),
(814, 3, 10.793633, 106.723061, 37.56, '2025-11-12 05:45:13'),
(815, 1, 10.770936, 106.691524, 37.65, '2025-11-12 05:45:18'),
(816, 2, 10.778611, 106.703128, 38.14, '2025-11-12 05:45:18'),
(817, 3, 10.793932, 106.723429, 37.56, '2025-11-12 05:45:18'),
(818, 1, 10.771094, 106.691975, 37.65, '2025-11-12 05:45:23'),
(819, 2, 10.778898, 106.703515, 38.14, '2025-11-12 05:45:23');
INSERT INTO `vitrixe` (`ma_vitri`, `ma_xe`, `vi_do`, `kinh_do`, `toc_do`, `thoi_gian`) VALUES
(820, 3, 10.794232, 106.723796, 37.56, '2025-11-12 05:45:23'),
(821, 1, 10.771135, 106.692091, 37.65, '2025-11-12 05:45:28'),
(822, 2, 10.779185, 106.703902, 38.14, '2025-11-12 05:45:28'),
(823, 3, 10.794532, 106.724163, 37.56, '2025-11-12 05:45:28'),
(824, 1, 10.771135, 106.692091, 37.65, '2025-11-12 05:45:33'),
(825, 2, 10.779472, 106.704289, 38.14, '2025-11-12 05:45:33'),
(826, 3, 10.794832, 106.724531, 37.56, '2025-11-12 05:45:33'),
(827, 1, 10.771397, 106.692488, 37.65, '2025-11-12 05:45:38'),
(828, 2, 10.779759, 106.704676, 38.14, '2025-11-12 05:45:38'),
(829, 3, 10.795132, 106.724898, 37.56, '2025-11-12 05:45:38'),
(830, 1, 10.771660, 106.692886, 37.65, '2025-11-12 05:45:43'),
(831, 2, 10.780000, 106.705000, 38.14, '2025-11-12 05:45:43'),
(832, 3, 10.795432, 106.725265, 37.56, '2025-11-12 05:45:43'),
(833, 1, 10.771922, 106.693283, 37.65, '2025-11-12 05:45:48'),
(834, 2, 10.780000, 106.705000, 38.14, '2025-11-12 05:45:48'),
(835, 3, 10.795678, 106.725567, 37.56, '2025-11-12 05:45:48'),
(836, 1, 10.772184, 106.693680, 37.65, '2025-11-12 05:45:53'),
(837, 2, 10.780266, 106.705402, 38.14, '2025-11-12 05:45:53'),
(838, 3, 10.795678, 106.725567, 37.56, '2025-11-12 05:45:53'),
(839, 1, 10.772447, 106.694078, 37.65, '2025-11-12 05:45:58'),
(840, 2, 10.780531, 106.705805, 38.14, '2025-11-12 05:45:58'),
(841, 3, 10.795378, 106.725200, 37.56, '2025-11-12 05:45:58'),
(842, 1, 10.772709, 106.694475, 37.65, '2025-11-12 05:46:03'),
(843, 2, 10.780797, 106.706207, 38.14, '2025-11-12 05:46:03'),
(844, 3, 10.795078, 106.724832, 37.56, '2025-11-12 05:46:03'),
(845, 1, 10.772971, 106.694872, 37.65, '2025-11-12 05:46:08'),
(846, 2, 10.781063, 106.706610, 38.14, '2025-11-12 05:46:08'),
(847, 3, 10.794779, 106.724465, 37.56, '2025-11-12 05:46:08'),
(848, 1, 10.773234, 106.695270, 37.65, '2025-11-12 05:46:13'),
(849, 2, 10.781329, 106.707012, 38.14, '2025-11-12 05:46:13'),
(850, 3, 10.794479, 106.724098, 37.56, '2025-11-12 05:46:13'),
(851, 1, 10.773496, 106.695667, 37.65, '2025-11-12 05:46:18'),
(852, 2, 10.781594, 106.707415, 38.14, '2025-11-12 05:46:18'),
(853, 3, 10.794179, 106.723731, 37.56, '2025-11-12 05:46:18'),
(854, 1, 10.773759, 106.696065, 37.65, '2025-11-12 05:46:23'),
(855, 2, 10.781860, 106.707817, 38.14, '2025-11-12 05:46:23'),
(856, 3, 10.793879, 106.723363, 37.56, '2025-11-12 05:46:23'),
(857, 1, 10.774021, 106.696462, 37.65, '2025-11-12 05:46:28'),
(858, 2, 10.782126, 106.708220, 38.14, '2025-11-12 05:46:28'),
(859, 3, 10.793579, 106.722996, 37.56, '2025-11-12 05:46:28'),
(860, 1, 10.774283, 106.696859, 37.65, '2025-11-12 05:46:33'),
(861, 2, 10.782392, 106.708622, 38.14, '2025-11-12 05:46:33'),
(862, 3, 10.793279, 106.722629, 37.56, '2025-11-12 05:46:33'),
(863, 1, 10.774546, 106.697257, 37.65, '2025-11-12 05:46:38'),
(864, 2, 10.782657, 106.709024, 38.14, '2025-11-12 05:46:38'),
(865, 3, 10.792980, 106.722261, 37.56, '2025-11-12 05:46:38'),
(866, 1, 10.774808, 106.697654, 37.65, '2025-11-12 05:46:43'),
(867, 2, 10.782923, 106.709427, 38.14, '2025-11-12 05:46:43'),
(868, 3, 10.792680, 106.721894, 37.56, '2025-11-12 05:46:43'),
(869, 1, 10.775070, 106.698051, 37.65, '2025-11-12 05:46:48'),
(870, 2, 10.783189, 106.709829, 38.14, '2025-11-12 05:46:48'),
(871, 3, 10.792380, 106.721527, 37.56, '2025-11-12 05:46:48'),
(872, 1, 10.775333, 106.698449, 37.65, '2025-11-12 05:46:53'),
(873, 2, 10.783454, 106.710232, 38.14, '2025-11-12 05:46:53'),
(874, 3, 10.792080, 106.721159, 37.56, '2025-11-12 05:46:53'),
(875, 1, 10.775595, 106.698846, 37.65, '2025-11-12 05:46:58'),
(876, 2, 10.783456, 106.710234, 38.14, '2025-11-12 05:46:58'),
(877, 3, 10.791780, 106.720792, 37.56, '2025-11-12 05:46:58'),
(878, 1, 10.775857, 106.699243, 37.65, '2025-11-12 05:47:03'),
(879, 2, 10.783760, 106.710607, 38.14, '2025-11-12 05:47:03'),
(880, 3, 10.791480, 106.720425, 37.56, '2025-11-12 05:47:03'),
(881, 1, 10.776120, 106.699641, 37.65, '2025-11-12 05:47:08'),
(882, 2, 10.784064, 106.710981, 38.14, '2025-11-12 05:47:08'),
(883, 3, 10.791234, 106.720123, 37.56, '2025-11-12 05:47:08'),
(884, 1, 10.776382, 106.700038, 37.65, '2025-11-12 05:47:13'),
(885, 2, 10.784368, 106.711354, 38.14, '2025-11-12 05:47:13'),
(886, 3, 10.791234, 106.720123, 37.56, '2025-11-12 05:47:13'),
(887, 1, 10.776644, 106.700435, 37.65, '2025-11-12 05:47:18'),
(888, 2, 10.784672, 106.711727, 38.14, '2025-11-12 05:47:18'),
(889, 3, 10.790949, 106.719744, 37.56, '2025-11-12 05:47:18'),
(890, 1, 10.776889, 106.700806, 37.65, '2025-11-12 05:47:23'),
(891, 2, 10.784976, 106.712100, 38.14, '2025-11-12 05:47:23'),
(892, 3, 10.790664, 106.719365, 37.56, '2025-11-12 05:47:23'),
(893, 1, 10.776889, 106.700806, 37.65, '2025-11-12 05:47:28'),
(894, 2, 10.785280, 106.712474, 38.14, '2025-11-12 05:47:28'),
(895, 3, 10.790378, 106.718986, 37.56, '2025-11-12 05:47:28'),
(896, 1, 10.777172, 106.701188, 37.65, '2025-11-12 05:47:33'),
(897, 2, 10.785584, 106.712847, 38.14, '2025-11-12 05:47:33'),
(898, 3, 10.790093, 106.718606, 37.56, '2025-11-12 05:47:33'),
(899, 1, 10.777456, 106.701570, 37.65, '2025-11-12 05:47:38'),
(900, 2, 10.785888, 106.713220, 38.14, '2025-11-12 05:47:38'),
(901, 3, 10.789808, 106.718227, 37.56, '2025-11-12 05:47:38'),
(902, 1, 10.777739, 106.701952, 37.65, '2025-11-12 05:47:43'),
(903, 2, 10.786192, 106.713594, 38.14, '2025-11-12 05:47:43'),
(904, 3, 10.789523, 106.717848, 37.56, '2025-11-12 05:47:43'),
(905, 1, 10.778023, 106.702334, 37.65, '2025-11-12 05:47:48'),
(906, 2, 10.786496, 106.713967, 38.14, '2025-11-12 05:47:48'),
(907, 3, 10.789237, 106.717469, 37.56, '2025-11-12 05:47:48'),
(908, 1, 10.778306, 106.702716, 37.65, '2025-11-12 05:47:53'),
(909, 2, 10.786800, 106.714340, 38.14, '2025-11-12 05:47:53'),
(910, 3, 10.788952, 106.717090, 37.56, '2025-11-12 05:47:53'),
(911, 1, 10.778589, 106.703098, 37.65, '2025-11-12 05:47:58'),
(912, 2, 10.787104, 106.714713, 38.14, '2025-11-12 05:47:58'),
(913, 3, 10.788667, 106.716711, 37.56, '2025-11-12 05:47:58'),
(914, 1, 10.778873, 106.703481, 37.65, '2025-11-12 05:48:03'),
(915, 2, 10.787408, 106.715087, 38.14, '2025-11-12 05:48:03'),
(916, 3, 10.788382, 106.716332, 37.56, '2025-11-12 05:48:03'),
(917, 1, 10.779156, 106.703863, 37.65, '2025-11-12 05:48:08'),
(918, 2, 10.787712, 106.715460, 38.14, '2025-11-12 05:48:08'),
(919, 3, 10.788096, 106.715952, 37.56, '2025-11-12 05:48:08'),
(920, 1, 10.779440, 106.704245, 37.65, '2025-11-12 05:48:13'),
(921, 2, 10.787890, 106.715678, 38.14, '2025-11-12 05:48:13'),
(922, 3, 10.787890, 106.715678, 37.56, '2025-11-12 05:48:13'),
(923, 1, 10.779723, 106.704627, 37.65, '2025-11-12 05:48:18'),
(924, 2, 10.787890, 106.715678, 38.14, '2025-11-12 05:48:18'),
(925, 3, 10.787890, 106.715678, 37.56, '2025-11-12 05:48:18'),
(926, 1, 10.780000, 106.705000, 37.65, '2025-11-12 05:48:23'),
(927, 2, 10.787586, 106.715305, 38.14, '2025-11-12 05:48:23'),
(928, 3, 10.787591, 106.715310, 37.56, '2025-11-12 05:48:23'),
(929, 1, 10.780000, 106.705000, 37.65, '2025-11-12 05:48:28'),
(930, 2, 10.787282, 106.714931, 38.14, '2025-11-12 05:48:28'),
(931, 3, 10.787291, 106.714943, 37.56, '2025-11-12 05:48:28'),
(932, 1, 10.779717, 106.704618, 37.65, '2025-11-12 05:48:33'),
(933, 2, 10.786978, 106.714558, 38.14, '2025-11-12 05:48:33'),
(934, 3, 10.786992, 106.714575, 37.56, '2025-11-12 05:48:33'),
(935, 1, 10.779433, 106.704236, 37.65, '2025-11-12 05:48:38'),
(936, 2, 10.786674, 106.714185, 38.14, '2025-11-12 05:48:38'),
(937, 3, 10.786692, 106.714207, 37.56, '2025-11-12 05:48:38'),
(938, 1, 10.779150, 106.703854, 37.65, '2025-11-12 05:48:43'),
(939, 2, 10.786370, 106.713812, 38.14, '2025-11-12 05:48:43'),
(940, 3, 10.786393, 106.713840, 37.56, '2025-11-12 05:48:43'),
(941, 1, 10.778866, 106.703472, 37.65, '2025-11-12 05:48:48'),
(942, 2, 10.786066, 106.713438, 38.14, '2025-11-12 05:48:48'),
(943, 3, 10.786093, 106.713472, 37.56, '2025-11-12 05:48:48'),
(944, 1, 10.778583, 106.703090, 37.65, '2025-11-12 05:48:53'),
(945, 2, 10.785762, 106.713065, 38.14, '2025-11-12 05:48:53'),
(946, 3, 10.785794, 106.713105, 37.56, '2025-11-12 05:48:53'),
(947, 1, 10.778300, 106.702708, 37.65, '2025-11-12 05:48:58'),
(948, 2, 10.785458, 106.712692, 38.14, '2025-11-12 05:48:58'),
(949, 3, 10.785495, 106.712737, 37.56, '2025-11-12 05:48:58'),
(950, 1, 10.778016, 106.702325, 37.65, '2025-11-12 05:49:03'),
(951, 2, 10.785154, 106.712318, 38.14, '2025-11-12 05:49:03'),
(952, 3, 10.785195, 106.712369, 37.56, '2025-11-12 05:49:04'),
(953, 1, 10.777733, 106.701943, 37.65, '2025-11-12 05:49:08'),
(954, 2, 10.784850, 106.711945, 38.14, '2025-11-12 05:49:09'),
(955, 3, 10.784896, 106.712002, 37.56, '2025-11-12 05:49:09'),
(956, 1, 10.777449, 106.701561, 37.65, '2025-11-12 05:49:13'),
(957, 2, 10.784546, 106.711572, 38.14, '2025-11-12 05:49:13'),
(958, 3, 10.784596, 106.711634, 37.56, '2025-11-12 05:49:14'),
(959, 1, 10.777166, 106.701179, 37.65, '2025-11-12 05:49:18'),
(960, 2, 10.784242, 106.711199, 38.14, '2025-11-12 05:49:18'),
(961, 3, 10.784297, 106.711266, 37.56, '2025-11-12 05:49:19'),
(962, 1, 10.776889, 106.700806, 37.65, '2025-11-12 05:49:23'),
(963, 2, 10.783938, 106.710825, 38.14, '2025-11-12 05:49:24'),
(964, 3, 10.783998, 106.710899, 37.56, '2025-11-12 05:49:24'),
(965, 1, 10.776889, 106.700806, 37.65, '2025-11-12 05:49:29'),
(966, 2, 10.783634, 106.710452, 38.14, '2025-11-12 05:49:29'),
(967, 3, 10.783698, 106.710531, 37.56, '2025-11-12 05:49:29'),
(968, 1, 10.776627, 106.700409, 37.65, '2025-11-12 05:49:34'),
(969, 2, 10.783456, 106.710234, 38.14, '2025-11-12 05:49:34'),
(970, 3, 10.783456, 106.710234, 37.56, '2025-11-12 05:49:34'),
(971, 1, 10.776364, 106.700011, 37.65, '2025-11-12 05:49:39'),
(972, 2, 10.783456, 106.710234, 38.14, '2025-11-12 05:49:39'),
(973, 3, 10.783456, 106.710234, 37.56, '2025-11-12 05:49:39'),
(974, 1, 10.776102, 106.699614, 37.65, '2025-11-12 05:49:44'),
(975, 2, 10.783190, 106.709832, 38.14, '2025-11-12 05:49:44'),
(976, 3, 10.783194, 106.709838, 37.56, '2025-11-12 05:49:44'),
(977, 1, 10.775840, 106.699217, 37.65, '2025-11-12 05:49:49'),
(978, 2, 10.782925, 106.709429, 38.14, '2025-11-12 05:49:49'),
(979, 3, 10.782933, 106.709441, 37.56, '2025-11-12 05:49:49'),
(980, 1, 10.775577, 106.698819, 37.65, '2025-11-12 05:49:54'),
(981, 2, 10.782659, 106.709027, 38.14, '2025-11-12 05:49:54'),
(982, 3, 10.782671, 106.709045, 37.56, '2025-11-12 05:49:54'),
(983, 1, 10.775315, 106.698422, 37.65, '2025-11-12 05:49:59'),
(984, 2, 10.782393, 106.708624, 38.14, '2025-11-12 05:49:59'),
(985, 3, 10.782409, 106.708649, 37.56, '2025-11-12 05:49:59'),
(986, 1, 10.775053, 106.698025, 37.65, '2025-11-12 05:50:04'),
(987, 2, 10.782127, 106.708222, 38.14, '2025-11-12 05:50:04'),
(988, 3, 10.782148, 106.708252, 37.56, '2025-11-12 05:50:04'),
(989, 1, 10.774790, 106.697627, 37.65, '2025-11-12 05:50:09'),
(990, 2, 10.781862, 106.707819, 38.14, '2025-11-12 05:50:09'),
(991, 3, 10.781886, 106.707856, 37.56, '2025-11-12 05:50:09'),
(992, 1, 10.774528, 106.697230, 37.65, '2025-11-12 05:50:14'),
(993, 2, 10.781596, 106.707417, 38.14, '2025-11-12 05:50:14'),
(994, 3, 10.781624, 106.707460, 37.56, '2025-11-12 05:50:14'),
(995, 1, 10.774265, 106.696832, 37.65, '2025-11-12 05:50:19'),
(996, 2, 10.781330, 106.707014, 38.14, '2025-11-12 05:50:19'),
(997, 3, 10.781362, 106.707063, 37.56, '2025-11-12 05:50:19'),
(998, 1, 10.774003, 106.696435, 37.65, '2025-11-12 05:50:24'),
(999, 2, 10.781064, 106.706612, 38.14, '2025-11-12 05:50:24'),
(1000, 3, 10.781101, 106.706667, 37.56, '2025-11-12 05:50:24'),
(1001, 1, 10.773741, 106.696038, 37.65, '2025-11-12 05:50:29'),
(1002, 2, 10.780799, 106.706210, 38.14, '2025-11-12 05:50:29'),
(1003, 3, 10.780839, 106.706271, 37.56, '2025-11-12 05:50:29'),
(1004, 1, 10.773478, 106.695640, 37.65, '2025-11-12 05:50:34'),
(1005, 2, 10.780533, 106.705807, 38.14, '2025-11-12 05:50:34'),
(1006, 3, 10.780577, 106.705874, 37.56, '2025-11-12 05:50:34'),
(1007, 1, 10.773216, 106.695243, 37.65, '2025-11-12 05:50:39'),
(1008, 2, 10.780267, 106.705405, 38.14, '2025-11-12 05:50:39'),
(1009, 3, 10.780316, 106.705478, 37.56, '2025-11-12 05:50:39'),
(1010, 1, 10.772954, 106.694846, 37.65, '2025-11-12 05:50:44'),
(1011, 2, 10.780002, 106.705002, 38.14, '2025-11-12 05:50:44'),
(1012, 3, 10.780054, 106.705082, 37.56, '2025-11-12 05:50:44'),
(1013, 1, 10.772691, 106.694448, 37.65, '2025-11-12 05:50:49'),
(1014, 2, 10.780000, 106.705000, 38.14, '2025-11-12 05:50:49'),
(1015, 3, 10.780000, 106.705000, 37.56, '2025-11-12 05:50:49'),
(1016, 1, 10.772429, 106.694051, 37.65, '2025-11-12 05:50:54'),
(1017, 2, 10.779713, 106.704613, 38.14, '2025-11-12 05:50:54'),
(1018, 3, 10.780000, 106.705000, 37.56, '2025-11-12 05:50:54'),
(1019, 1, 10.772167, 106.693654, 37.65, '2025-11-12 05:50:59'),
(1020, 2, 10.779426, 106.704226, 38.14, '2025-11-12 05:50:59'),
(1021, 3, 10.780262, 106.705396, 37.56, '2025-11-12 05:50:59'),
(1022, 1, 10.771904, 106.693256, 37.65, '2025-11-12 05:51:04'),
(1023, 2, 10.779139, 106.703839, 38.14, '2025-11-12 05:51:04'),
(1024, 3, 10.780523, 106.705793, 37.56, '2025-11-12 05:51:04'),
(1025, 1, 10.771642, 106.692859, 37.65, '2025-11-12 05:51:09'),
(1026, 2, 10.778852, 106.703452, 38.14, '2025-11-12 05:51:09'),
(1027, 3, 10.780785, 106.706189, 37.56, '2025-11-12 05:51:09'),
(1028, 1, 10.771380, 106.692462, 37.65, '2025-11-12 05:51:14'),
(1029, 2, 10.778565, 106.703065, 38.14, '2025-11-12 05:51:14'),
(1030, 3, 10.781047, 106.706585, 37.56, '2025-11-12 05:51:14'),
(1031, 1, 10.771135, 106.692091, 37.65, '2025-11-12 05:51:19'),
(1032, 2, 10.778278, 106.702678, 38.14, '2025-11-12 05:51:19'),
(1033, 3, 10.781308, 106.706982, 37.56, '2025-11-12 05:51:19'),
(1034, 1, 10.771135, 106.692091, 37.65, '2025-11-12 05:51:24'),
(1035, 2, 10.777991, 106.702291, 38.14, '2025-11-12 05:51:24'),
(1036, 3, 10.781570, 106.707378, 37.56, '2025-11-12 05:51:24'),
(1037, 1, 10.770977, 106.691640, 37.65, '2025-11-12 05:51:29'),
(1038, 2, 10.777704, 106.701904, 38.14, '2025-11-12 05:51:29'),
(1039, 3, 10.781832, 106.707774, 37.56, '2025-11-12 05:51:29'),
(1040, 1, 10.770819, 106.691189, 37.65, '2025-11-12 05:51:34'),
(1041, 2, 10.777417, 106.701517, 38.14, '2025-11-12 05:51:34'),
(1042, 3, 10.782094, 106.708171, 37.56, '2025-11-12 05:51:34'),
(1043, 1, 10.770660, 106.690738, 37.65, '2025-11-12 05:51:39'),
(1044, 2, 10.777130, 106.701130, 38.14, '2025-11-12 05:51:39'),
(1045, 3, 10.782355, 106.708567, 37.56, '2025-11-12 05:51:39'),
(1046, 1, 10.770502, 106.690288, 37.65, '2025-11-12 05:51:44'),
(1047, 2, 10.776889, 106.700806, 38.14, '2025-11-12 05:51:44'),
(1048, 3, 10.782617, 106.708963, 37.56, '2025-11-12 05:51:44'),
(1049, 1, 10.770344, 106.689837, 37.65, '2025-11-12 05:51:49'),
(1050, 2, 10.776889, 106.700806, 38.14, '2025-11-12 05:51:49'),
(1051, 3, 10.782879, 106.709360, 37.56, '2025-11-12 05:51:49'),
(1052, 1, 10.770186, 106.689386, 37.65, '2025-11-12 05:51:54'),
(1053, 2, 10.776623, 106.700404, 38.14, '2025-11-12 05:51:54'),
(1054, 3, 10.783140, 106.709756, 37.56, '2025-11-12 05:51:54'),
(1055, 1, 10.770028, 106.688935, 37.65, '2025-11-12 05:51:59'),
(1056, 2, 10.776358, 106.700001, 38.14, '2025-11-12 05:51:59'),
(1057, 3, 10.783402, 106.710152, 37.56, '2025-11-12 05:51:59'),
(1058, 1, 10.769870, 106.688484, 37.65, '2025-11-12 05:52:04'),
(1059, 2, 10.776092, 106.699599, 38.14, '2025-11-12 05:52:04'),
(1060, 3, 10.783456, 106.710234, 37.56, '2025-11-12 05:52:04'),
(1061, 1, 10.769711, 106.688033, 37.65, '2025-11-12 05:52:09'),
(1062, 2, 10.775826, 106.699196, 38.14, '2025-11-12 05:52:09'),
(1063, 3, 10.783456, 106.710234, 37.56, '2025-11-12 05:52:09'),
(1064, 1, 10.769553, 106.687582, 37.65, '2025-11-12 05:52:14'),
(1065, 2, 10.775560, 106.698794, 38.14, '2025-11-12 05:52:14'),
(1066, 3, 10.783755, 106.710602, 37.56, '2025-11-12 05:52:14'),
(1067, 1, 10.769395, 106.687131, 37.65, '2025-11-12 05:52:19'),
(1068, 2, 10.775295, 106.698391, 38.14, '2025-11-12 05:52:19'),
(1069, 3, 10.784055, 106.710969, 37.56, '2025-11-12 05:52:19'),
(1070, 1, 10.769237, 106.686681, 37.65, '2025-11-12 05:52:24'),
(1071, 2, 10.775029, 106.697989, 38.14, '2025-11-12 05:52:24'),
(1072, 3, 10.784354, 106.711337, 37.56, '2025-11-12 05:52:24'),
(1073, 1, 10.769079, 106.686230, 37.65, '2025-11-12 05:52:29'),
(1074, 2, 10.774763, 106.697586, 38.14, '2025-11-12 05:52:29'),
(1075, 3, 10.784654, 106.711705, 37.56, '2025-11-12 05:52:29'),
(1076, 1, 10.768921, 106.685779, 37.65, '2025-11-12 05:52:34'),
(1077, 2, 10.774498, 106.697184, 38.14, '2025-11-12 05:52:34'),
(1078, 3, 10.784953, 106.712072, 37.56, '2025-11-12 05:52:34'),
(1079, 1, 10.768762, 106.685328, 37.65, '2025-11-12 05:52:39'),
(1080, 2, 10.774232, 106.696782, 38.14, '2025-11-12 05:52:39'),
(1081, 3, 10.785253, 106.712440, 37.56, '2025-11-12 05:52:39'),
(1082, 1, 10.768604, 106.684877, 37.65, '2025-11-12 05:52:44'),
(1083, 2, 10.773966, 106.696379, 38.14, '2025-11-12 05:52:44'),
(1084, 3, 10.785552, 106.712807, 37.56, '2025-11-12 05:52:44'),
(1085, 1, 10.768446, 106.684426, 37.65, '2025-11-12 05:52:49'),
(1086, 2, 10.773701, 106.695977, 38.14, '2025-11-12 05:52:49'),
(1087, 3, 10.785851, 106.713175, 37.56, '2025-11-12 05:52:49'),
(1088, 1, 10.768288, 106.683975, 37.65, '2025-11-12 05:52:54'),
(1089, 2, 10.773435, 106.695574, 38.14, '2025-11-12 05:52:54'),
(1090, 3, 10.786151, 106.713543, 37.56, '2025-11-12 05:52:54'),
(1091, 1, 10.768247, 106.683859, 37.65, '2025-11-12 05:52:59'),
(1092, 2, 10.773169, 106.695172, 38.14, '2025-11-12 05:52:59'),
(1093, 3, 10.786450, 106.713910, 37.56, '2025-11-12 05:52:59'),
(1094, 1, 10.768247, 106.683859, 37.65, '2025-11-12 05:53:04'),
(1095, 2, 10.772903, 106.694769, 38.14, '2025-11-12 05:53:04'),
(1096, 3, 10.786750, 106.714278, 37.56, '2025-11-12 05:53:04'),
(1097, 1, 10.767798, 106.683717, 37.65, '2025-11-12 05:53:09'),
(1098, 2, 10.772638, 106.694367, 38.14, '2025-11-12 05:53:09'),
(1099, 3, 10.787049, 106.714646, 37.56, '2025-11-12 05:53:09'),
(1100, 1, 10.767349, 106.683575, 37.65, '2025-11-12 05:53:14'),
(1101, 2, 10.772372, 106.693965, 38.14, '2025-11-12 05:53:14'),
(1102, 3, 10.787349, 106.715013, 37.56, '2025-11-12 05:53:14'),
(1103, 1, 10.766900, 106.683433, 37.65, '2025-11-12 05:53:19'),
(1104, 2, 10.772106, 106.693562, 38.14, '2025-11-12 05:53:19'),
(1105, 3, 10.787648, 106.715381, 37.56, '2025-11-12 05:53:19'),
(1106, 1, 10.766451, 106.683290, 37.65, '2025-11-12 05:53:24'),
(1107, 2, 10.771841, 106.693160, 38.14, '2025-11-12 05:53:24'),
(1108, 3, 10.787890, 106.715678, 37.56, '2025-11-12 05:53:24'),
(1109, 1, 10.766001, 106.683148, 37.65, '2025-11-12 05:53:29'),
(1110, 2, 10.771575, 106.692757, 38.14, '2025-11-12 05:53:29'),
(1111, 3, 10.787890, 106.715678, 37.56, '2025-11-12 05:53:29'),
(1112, 1, 10.765552, 106.683006, 37.65, '2025-11-12 05:53:34'),
(1113, 2, 10.771309, 106.692355, 38.14, '2025-11-12 05:53:34'),
(1114, 3, 10.788175, 106.716057, 37.56, '2025-11-12 05:53:34'),
(1115, 1, 10.765103, 106.682864, 37.65, '2025-11-12 05:53:39'),
(1116, 2, 10.771135, 106.692091, 38.14, '2025-11-12 05:53:39'),
(1117, 3, 10.788460, 106.716436, 37.56, '2025-11-12 05:53:39'),
(1118, 1, 10.764654, 106.682722, 37.65, '2025-11-12 05:53:44'),
(1119, 2, 10.771135, 106.692091, 38.14, '2025-11-12 05:53:44'),
(1120, 3, 10.788746, 106.716815, 37.56, '2025-11-12 05:53:44'),
(1121, 1, 10.764205, 106.682580, 37.65, '2025-11-12 05:53:49'),
(1122, 2, 10.771401, 106.692493, 38.14, '2025-11-12 05:53:49'),
(1123, 3, 10.789031, 106.717195, 37.56, '2025-11-12 05:53:49'),
(1124, 1, 10.763756, 106.682438, 37.65, '2025-11-12 05:53:54'),
(1125, 2, 10.771666, 106.692896, 38.14, '2025-11-12 05:53:54'),
(1126, 3, 10.789316, 106.717574, 37.56, '2025-11-12 05:53:54'),
(1127, 1, 10.763307, 106.682296, 37.65, '2025-11-12 05:53:59'),
(1128, 2, 10.771932, 106.693298, 38.14, '2025-11-12 05:53:59'),
(1129, 3, 10.789601, 106.717953, 37.56, '2025-11-12 05:53:59'),
(1130, 1, 10.762913, 106.682171, 37.65, '2025-11-12 05:54:04'),
(1131, 2, 10.772198, 106.693701, 38.14, '2025-11-12 05:54:04'),
(1132, 3, 10.789887, 106.718332, 37.56, '2025-11-12 05:54:04'),
(1133, 1, 10.762913, 106.682171, 37.65, '2025-11-12 05:54:09'),
(1134, 2, 10.772464, 106.694103, 38.14, '2025-11-12 05:54:09'),
(1135, 3, 10.790172, 106.718711, 37.56, '2025-11-12 05:54:09'),
(1136, 1, 10.763362, 106.682313, 37.65, '2025-11-12 05:54:14'),
(1137, 2, 10.772729, 106.694506, 38.14, '2025-11-12 05:54:14'),
(1138, 3, 10.790457, 106.719090, 37.56, '2025-11-12 05:54:14'),
(1139, 1, 10.763811, 106.682455, 37.65, '2025-11-12 05:54:19'),
(1140, 2, 10.772995, 106.694908, 38.14, '2025-11-12 05:54:19'),
(1141, 3, 10.790742, 106.719469, 37.56, '2025-11-12 05:54:19'),
(1142, 1, 10.764260, 106.682597, 37.65, '2025-11-12 05:54:24'),
(1143, 2, 10.773261, 106.695311, 38.14, '2025-11-12 05:54:24'),
(1144, 3, 10.791028, 106.719849, 37.56, '2025-11-12 05:54:24'),
(1145, 1, 10.764709, 106.682740, 37.65, '2025-11-12 05:54:29'),
(1146, 2, 10.773526, 106.695713, 38.14, '2025-11-12 05:54:29'),
(1147, 3, 10.791234, 106.720123, 37.56, '2025-11-12 05:54:29'),
(1148, 1, 10.765159, 106.682882, 37.65, '2025-11-12 05:54:34'),
(1149, 2, 10.773792, 106.696115, 38.14, '2025-11-12 05:54:34'),
(1150, 3, 10.791234, 106.720123, 37.56, '2025-11-12 05:54:34'),
(1151, 1, 10.765608, 106.683024, 37.65, '2025-11-12 05:54:39'),
(1152, 2, 10.774058, 106.696518, 38.14, '2025-11-12 05:54:39'),
(1153, 3, 10.791534, 106.720490, 37.56, '2025-11-12 05:54:39'),
(1154, 1, 10.766057, 106.683166, 37.65, '2025-11-12 05:54:44'),
(1155, 2, 10.774324, 106.696920, 38.14, '2025-11-12 05:54:44'),
(1156, 3, 10.791834, 106.720858, 37.56, '2025-11-12 05:54:44'),
(1157, 1, 10.766506, 106.683308, 37.65, '2025-11-12 05:54:49'),
(1158, 2, 10.774589, 106.697323, 38.14, '2025-11-12 05:54:49'),
(1159, 3, 10.792133, 106.721225, 37.56, '2025-11-12 05:54:49'),
(1160, 1, 10.766955, 106.683450, 37.65, '2025-11-12 05:54:54'),
(1161, 2, 10.774855, 106.697725, 38.14, '2025-11-12 05:54:54'),
(1162, 3, 10.792433, 106.721592, 37.56, '2025-11-12 05:54:54'),
(1163, 1, 10.767404, 106.683592, 37.65, '2025-11-12 05:54:59'),
(1164, 2, 10.775121, 106.698128, 38.14, '2025-11-12 05:54:59'),
(1165, 3, 10.792733, 106.721959, 37.56, '2025-11-12 05:54:59'),
(1166, 1, 10.767853, 106.683734, 37.65, '2025-11-12 05:55:04'),
(1167, 2, 10.775386, 106.698530, 38.14, '2025-11-12 05:55:04'),
(1168, 3, 10.793033, 106.722327, 37.56, '2025-11-12 05:55:04'),
(1169, 1, 10.768247, 106.683859, 37.65, '2025-11-12 05:55:09'),
(1170, 2, 10.775652, 106.698933, 38.14, '2025-11-12 05:55:09'),
(1171, 3, 10.793333, 106.722694, 37.56, '2025-11-12 05:55:09'),
(1172, 1, 10.768247, 106.683859, 37.65, '2025-11-12 05:55:14'),
(1173, 2, 10.775918, 106.699335, 38.14, '2025-11-12 05:55:14'),
(1174, 3, 10.793633, 106.723061, 37.56, '2025-11-12 05:55:14'),
(1175, 1, 10.768405, 106.684310, 37.65, '2025-11-12 05:55:19'),
(1176, 2, 10.776183, 106.699737, 38.14, '2025-11-12 05:55:19'),
(1177, 3, 10.793932, 106.723429, 37.56, '2025-11-12 05:55:19'),
(1178, 1, 10.768563, 106.684761, 37.65, '2025-11-12 05:55:24'),
(1179, 2, 10.776449, 106.700140, 38.14, '2025-11-12 05:55:24'),
(1180, 3, 10.794232, 106.723796, 37.56, '2025-11-12 05:55:24'),
(1181, 1, 10.768722, 106.685212, 37.65, '2025-11-12 05:55:29'),
(1182, 2, 10.776715, 106.700542, 38.14, '2025-11-12 05:55:29'),
(1183, 3, 10.794532, 106.724163, 37.56, '2025-11-12 05:55:29'),
(1184, 1, 10.768880, 106.685662, 37.65, '2025-11-12 05:55:34'),
(1185, 2, 10.776889, 106.700806, 38.14, '2025-11-12 05:55:34'),
(1186, 3, 10.794832, 106.724531, 37.56, '2025-11-12 05:55:34'),
(1187, 1, 10.769038, 106.686113, 37.65, '2025-11-12 05:55:39'),
(1188, 2, 10.776889, 106.700806, 38.14, '2025-11-12 05:55:39'),
(1189, 3, 10.795132, 106.724898, 37.56, '2025-11-12 05:55:39'),
(1190, 1, 10.769196, 106.686564, 37.65, '2025-11-12 05:55:44'),
(1191, 2, 10.777176, 106.701193, 38.14, '2025-11-12 05:55:44'),
(1192, 3, 10.795432, 106.725265, 37.56, '2025-11-12 05:55:44'),
(1193, 1, 10.769354, 106.687015, 37.65, '2025-11-12 05:55:49'),
(1194, 2, 10.777463, 106.701580, 38.14, '2025-11-12 05:55:49'),
(1195, 3, 10.795678, 106.725567, 37.56, '2025-11-12 05:55:49'),
(1196, 1, 10.769512, 106.687466, 37.65, '2025-11-12 05:55:54'),
(1197, 2, 10.777750, 106.701967, 38.14, '2025-11-12 05:55:54'),
(1198, 3, 10.795678, 106.725567, 37.56, '2025-11-12 05:55:54'),
(1199, 1, 10.769671, 106.687917, 37.65, '2025-11-12 05:55:59'),
(1200, 2, 10.778037, 106.702354, 38.14, '2025-11-12 05:55:59'),
(1201, 3, 10.795378, 106.725200, 37.56, '2025-11-12 05:55:59'),
(1202, 1, 10.769829, 106.688368, 37.65, '2025-11-12 05:56:04'),
(1203, 2, 10.778324, 106.702741, 38.14, '2025-11-12 05:56:04'),
(1204, 3, 10.795078, 106.724832, 37.56, '2025-11-12 05:56:04'),
(1205, 1, 10.769987, 106.688819, 37.65, '2025-11-12 05:56:09'),
(1206, 2, 10.778611, 106.703128, 38.14, '2025-11-12 05:56:09'),
(1207, 3, 10.794779, 106.724465, 37.56, '2025-11-12 05:56:09'),
(1208, 1, 10.770145, 106.689269, 37.65, '2025-11-12 05:56:14'),
(1209, 2, 10.778898, 106.703515, 38.14, '2025-11-12 05:56:14'),
(1210, 3, 10.794479, 106.724098, 37.56, '2025-11-12 05:56:14'),
(1211, 1, 10.770303, 106.689720, 37.65, '2025-11-12 05:56:19'),
(1212, 2, 10.779185, 106.703902, 38.14, '2025-11-12 05:56:19'),
(1213, 3, 10.794179, 106.723731, 37.56, '2025-11-12 05:56:19'),
(1214, 1, 10.770461, 106.690171, 37.65, '2025-11-12 05:56:24'),
(1215, 2, 10.779472, 106.704289, 38.14, '2025-11-12 05:56:24'),
(1216, 3, 10.793879, 106.723363, 37.56, '2025-11-12 05:56:24'),
(1217, 1, 10.770620, 106.690622, 37.65, '2025-11-12 05:56:29'),
(1218, 2, 10.779759, 106.704676, 38.14, '2025-11-12 05:56:29'),
(1219, 3, 10.793579, 106.722996, 37.56, '2025-11-12 05:56:29'),
(1220, 1, 10.770778, 106.691073, 37.65, '2025-11-12 05:56:34'),
(1221, 2, 10.780000, 106.705000, 38.14, '2025-11-12 05:56:34'),
(1222, 3, 10.793279, 106.722629, 37.56, '2025-11-12 05:56:34'),
(1223, 1, 10.770936, 106.691524, 37.65, '2025-11-12 05:56:39'),
(1224, 2, 10.780000, 106.705000, 38.14, '2025-11-12 05:56:39'),
(1225, 3, 10.792980, 106.722261, 37.56, '2025-11-12 05:56:39'),
(1226, 1, 10.771094, 106.691975, 37.65, '2025-11-12 05:56:44'),
(1227, 2, 10.780266, 106.705402, 38.14, '2025-11-12 05:56:44'),
(1228, 3, 10.792680, 106.721894, 37.56, '2025-11-12 05:56:44'),
(1229, 1, 10.771135, 106.692091, 37.65, '2025-11-12 05:56:49'),
(1230, 2, 10.780531, 106.705805, 38.14, '2025-11-12 05:56:49'),
(1231, 3, 10.792380, 106.721527, 37.56, '2025-11-12 05:56:49'),
(1232, 1, 10.771135, 106.692091, 37.65, '2025-11-12 05:56:54'),
(1233, 2, 10.780797, 106.706207, 38.14, '2025-11-12 05:56:54'),
(1234, 3, 10.792080, 106.721159, 37.56, '2025-11-12 05:56:54'),
(1235, 1, 10.771397, 106.692488, 37.65, '2025-11-12 05:56:59'),
(1236, 2, 10.781063, 106.706610, 38.14, '2025-11-12 05:56:59'),
(1237, 3, 10.791780, 106.720792, 37.56, '2025-11-12 05:56:59'),
(1238, 1, 10.771660, 106.692886, 37.65, '2025-11-12 05:57:04'),
(1239, 2, 10.781329, 106.707012, 38.14, '2025-11-12 05:57:04'),
(1240, 3, 10.791480, 106.720425, 37.56, '2025-11-12 05:57:04'),
(1241, 1, 10.771922, 106.693283, 37.65, '2025-11-12 05:57:09'),
(1242, 2, 10.781594, 106.707415, 38.14, '2025-11-12 05:57:09'),
(1243, 3, 10.791234, 106.720123, 37.56, '2025-11-12 05:57:09'),
(1244, 1, 10.772184, 106.693680, 37.65, '2025-11-12 05:57:14'),
(1245, 2, 10.781860, 106.707817, 38.14, '2025-11-12 05:57:14'),
(1246, 3, 10.791234, 106.720123, 37.56, '2025-11-12 05:57:14'),
(1247, 1, 10.772447, 106.694078, 37.65, '2025-11-12 05:57:19'),
(1248, 2, 10.782126, 106.708220, 38.14, '2025-11-12 05:57:19'),
(1249, 3, 10.790949, 106.719744, 37.56, '2025-11-12 05:57:19'),
(1250, 1, 10.772709, 106.694475, 37.65, '2025-11-12 05:57:24'),
(1251, 2, 10.782392, 106.708622, 38.14, '2025-11-12 05:57:24'),
(1252, 3, 10.790664, 106.719365, 37.56, '2025-11-12 05:57:24'),
(1253, 1, 10.772971, 106.694872, 37.65, '2025-11-12 05:57:29'),
(1254, 2, 10.782657, 106.709024, 38.14, '2025-11-12 05:57:29'),
(1255, 3, 10.790378, 106.718986, 37.56, '2025-11-12 05:57:29'),
(1256, 1, 10.773234, 106.695270, 37.65, '2025-11-12 05:57:34'),
(1257, 2, 10.782923, 106.709427, 38.14, '2025-11-12 05:57:34'),
(1258, 3, 10.790093, 106.718606, 37.56, '2025-11-12 05:57:34'),
(1259, 1, 10.773496, 106.695667, 37.65, '2025-11-12 05:57:39'),
(1260, 2, 10.783189, 106.709829, 38.14, '2025-11-12 05:57:39'),
(1261, 3, 10.789808, 106.718227, 37.56, '2025-11-12 05:57:39'),
(1262, 1, 10.773759, 106.696065, 37.65, '2025-11-12 05:57:44'),
(1263, 2, 10.783454, 106.710232, 38.14, '2025-11-12 05:57:44'),
(1264, 3, 10.789523, 106.717848, 37.56, '2025-11-12 05:57:44'),
(1265, 1, 10.774021, 106.696462, 37.65, '2025-11-12 05:57:49'),
(1266, 2, 10.783456, 106.710234, 38.14, '2025-11-12 05:57:49'),
(1267, 3, 10.789237, 106.717469, 37.56, '2025-11-12 05:57:49'),
(1268, 1, 10.774283, 106.696859, 37.65, '2025-11-12 05:57:54'),
(1269, 2, 10.783760, 106.710607, 38.14, '2025-11-12 05:57:54'),
(1270, 3, 10.788952, 106.717090, 37.56, '2025-11-12 05:57:54'),
(1271, 1, 10.774546, 106.697257, 37.65, '2025-11-12 05:57:59'),
(1272, 2, 10.784064, 106.710981, 38.14, '2025-11-12 05:57:59'),
(1273, 3, 10.788667, 106.716711, 37.56, '2025-11-12 05:57:59'),
(1274, 1, 10.774808, 106.697654, 37.65, '2025-11-12 05:58:04'),
(1275, 2, 10.784368, 106.711354, 38.14, '2025-11-12 05:58:04'),
(1276, 3, 10.788382, 106.716332, 37.56, '2025-11-12 05:58:04'),
(1277, 1, 10.775070, 106.698051, 37.65, '2025-11-12 05:58:09'),
(1278, 2, 10.784672, 106.711727, 38.14, '2025-11-12 05:58:09'),
(1279, 3, 10.788096, 106.715952, 37.56, '2025-11-12 05:58:09'),
(1280, 1, 10.775333, 106.698449, 37.65, '2025-11-12 05:58:14'),
(1281, 2, 10.784976, 106.712100, 38.14, '2025-11-12 05:58:14'),
(1282, 3, 10.787890, 106.715678, 37.56, '2025-11-12 05:58:14'),
(1283, 1, 10.775595, 106.698846, 37.65, '2025-11-12 05:58:19'),
(1284, 2, 10.785280, 106.712474, 38.14, '2025-11-12 05:58:19'),
(1285, 3, 10.787890, 106.715678, 37.56, '2025-11-12 05:58:19'),
(1286, 1, 10.775857, 106.699243, 37.65, '2025-11-12 05:58:24'),
(1287, 2, 10.785584, 106.712847, 38.14, '2025-11-12 05:58:24'),
(1288, 3, 10.787591, 106.715310, 37.56, '2025-11-12 05:58:24'),
(1289, 1, 10.776120, 106.699641, 37.65, '2025-11-12 05:58:29'),
(1290, 2, 10.785888, 106.713220, 38.14, '2025-11-12 05:58:29'),
(1291, 3, 10.787291, 106.714943, 37.56, '2025-11-12 05:58:29'),
(1292, 1, 10.776382, 106.700038, 37.65, '2025-11-12 05:58:34'),
(1293, 2, 10.786192, 106.713594, 38.14, '2025-11-12 05:58:34'),
(1294, 3, 10.786992, 106.714575, 37.56, '2025-11-12 05:58:34'),
(1295, 1, 10.776644, 106.700435, 37.65, '2025-11-12 05:58:39'),
(1296, 2, 10.786496, 106.713967, 38.14, '2025-11-12 05:58:39'),
(1297, 3, 10.786692, 106.714207, 37.56, '2025-11-12 05:58:39'),
(1298, 1, 10.776889, 106.700806, 37.65, '2025-11-12 05:58:44'),
(1299, 2, 10.786800, 106.714340, 38.14, '2025-11-12 05:58:44'),
(1300, 3, 10.786393, 106.713840, 37.56, '2025-11-12 05:58:45'),
(1301, 1, 10.776889, 106.700806, 37.65, '2025-11-12 05:58:49'),
(1302, 2, 10.787104, 106.714713, 38.14, '2025-11-12 05:58:49'),
(1303, 3, 10.786093, 106.713472, 37.56, '2025-11-12 05:58:50'),
(1304, 1, 10.777172, 106.701188, 37.65, '2025-11-12 05:58:54'),
(1305, 2, 10.787408, 106.715087, 38.14, '2025-11-12 05:58:54'),
(1306, 3, 10.785794, 106.713105, 37.56, '2025-11-12 05:58:55'),
(1307, 1, 10.777456, 106.701570, 37.65, '2025-11-12 05:58:59'),
(1308, 2, 10.787712, 106.715460, 38.14, '2025-11-12 05:58:59'),
(1309, 3, 10.785495, 106.712737, 37.56, '2025-11-12 05:59:00'),
(1310, 1, 10.777739, 106.701952, 37.65, '2025-11-12 05:59:04'),
(1311, 2, 10.787890, 106.715678, 38.14, '2025-11-12 05:59:04'),
(1312, 3, 10.785195, 106.712369, 37.56, '2025-11-12 05:59:05'),
(1313, 1, 10.778023, 106.702334, 37.65, '2025-11-12 05:59:09'),
(1314, 2, 10.787890, 106.715678, 38.14, '2025-11-12 05:59:10'),
(1315, 3, 10.784896, 106.712002, 37.56, '2025-11-12 05:59:10'),
(1316, 1, 10.778306, 106.702716, 37.65, '2025-11-12 05:59:15'),
(1317, 2, 10.787586, 106.715305, 38.14, '2025-11-12 05:59:15'),
(1318, 3, 10.784596, 106.711634, 37.56, '2025-11-12 05:59:15'),
(1319, 1, 10.778589, 106.703098, 37.65, '2025-11-12 05:59:20'),
(1320, 2, 10.787282, 106.714931, 38.14, '2025-11-12 05:59:20'),
(1321, 3, 10.784297, 106.711266, 37.56, '2025-11-12 05:59:20'),
(1322, 1, 10.778873, 106.703481, 37.65, '2025-11-12 05:59:25'),
(1323, 2, 10.786978, 106.714558, 38.14, '2025-11-12 05:59:25'),
(1324, 3, 10.783998, 106.710899, 37.56, '2025-11-12 05:59:25'),
(1325, 1, 10.779156, 106.703863, 37.65, '2025-11-12 05:59:30'),
(1326, 2, 10.786674, 106.714185, 38.14, '2025-11-12 05:59:30'),
(1327, 3, 10.783698, 106.710531, 37.56, '2025-11-12 05:59:30'),
(1328, 1, 10.779440, 106.704245, 37.65, '2025-11-12 05:59:35'),
(1329, 2, 10.786370, 106.713812, 38.14, '2025-11-12 05:59:35'),
(1330, 3, 10.783456, 106.710234, 37.56, '2025-11-12 05:59:35'),
(1331, 1, 10.779723, 106.704627, 37.65, '2025-11-12 05:59:40'),
(1332, 2, 10.786066, 106.713438, 38.14, '2025-11-12 05:59:40'),
(1333, 3, 10.783456, 106.710234, 37.56, '2025-11-12 05:59:40'),
(1334, 1, 10.780000, 106.705000, 37.65, '2025-11-12 05:59:45'),
(1335, 2, 10.785762, 106.713065, 38.14, '2025-11-12 05:59:45'),
(1336, 3, 10.783194, 106.709838, 37.56, '2025-11-12 05:59:45'),
(1337, 1, 10.780000, 106.705000, 37.65, '2025-11-12 05:59:50'),
(1338, 2, 10.785458, 106.712692, 38.14, '2025-11-12 05:59:50'),
(1339, 3, 10.782933, 106.709441, 37.56, '2025-11-12 05:59:50'),
(1340, 1, 10.779717, 106.704618, 37.65, '2025-11-12 05:59:55'),
(1341, 2, 10.785154, 106.712318, 38.14, '2025-11-12 05:59:55'),
(1342, 3, 10.782671, 106.709045, 37.56, '2025-11-12 05:59:55'),
(1343, 1, 10.779433, 106.704236, 37.65, '2025-11-12 06:00:00'),
(1344, 2, 10.784850, 106.711945, 38.14, '2025-11-12 06:00:00'),
(1345, 3, 10.782409, 106.708649, 37.56, '2025-11-12 06:00:00'),
(1346, 1, 10.779150, 106.703854, 37.65, '2025-11-12 06:00:05'),
(1347, 2, 10.784546, 106.711572, 38.14, '2025-11-12 06:00:05'),
(1348, 3, 10.782148, 106.708252, 37.56, '2025-11-12 06:00:05'),
(1349, 1, 10.778866, 106.703472, 37.65, '2025-11-12 06:00:10'),
(1350, 2, 10.784242, 106.711199, 38.14, '2025-11-12 06:00:10'),
(1351, 3, 10.781886, 106.707856, 37.56, '2025-11-12 06:00:10'),
(1352, 1, 10.778583, 106.703090, 37.65, '2025-11-12 06:00:15'),
(1353, 2, 10.783938, 106.710825, 38.14, '2025-11-12 06:00:15'),
(1354, 3, 10.781624, 106.707460, 37.56, '2025-11-12 06:00:15'),
(1355, 1, 10.778300, 106.702708, 37.65, '2025-11-12 06:00:20'),
(1356, 2, 10.783634, 106.710452, 38.14, '2025-11-12 06:00:20'),
(1357, 3, 10.781362, 106.707063, 37.56, '2025-11-12 06:00:20'),
(1358, 1, 10.778016, 106.702325, 37.65, '2025-11-12 06:00:25'),
(1359, 2, 10.783456, 106.710234, 38.14, '2025-11-12 06:00:25'),
(1360, 3, 10.781101, 106.706667, 37.56, '2025-11-12 06:00:25'),
(1361, 1, 10.777733, 106.701943, 37.65, '2025-11-12 06:00:30'),
(1362, 2, 10.783456, 106.710234, 38.14, '2025-11-12 06:00:30'),
(1363, 3, 10.780839, 106.706271, 37.56, '2025-11-12 06:00:30'),
(1364, 1, 10.777449, 106.701561, 37.65, '2025-11-12 06:00:35'),
(1365, 2, 10.783190, 106.709832, 38.14, '2025-11-12 06:00:35'),
(1366, 3, 10.780577, 106.705874, 37.56, '2025-11-12 06:00:35'),
(1367, 1, 10.777166, 106.701179, 37.65, '2025-11-12 06:00:40'),
(1368, 2, 10.782925, 106.709429, 38.14, '2025-11-12 06:00:40'),
(1369, 3, 10.780316, 106.705478, 37.56, '2025-11-12 06:00:40'),
(1370, 1, 10.776889, 106.700806, 37.65, '2025-11-12 06:00:45'),
(1371, 2, 10.782659, 106.709027, 38.14, '2025-11-12 06:00:45'),
(1372, 3, 10.780054, 106.705082, 37.56, '2025-11-12 06:00:45'),
(1373, 1, 10.776889, 106.700806, 37.65, '2025-11-12 06:00:50'),
(1374, 2, 10.782393, 106.708624, 38.14, '2025-11-12 06:00:50'),
(1375, 3, 10.780000, 106.705000, 37.56, '2025-11-12 06:00:50'),
(1376, 1, 10.776627, 106.700409, 37.65, '2025-11-12 06:00:55'),
(1377, 2, 10.782127, 106.708222, 38.14, '2025-11-12 06:00:55'),
(1378, 3, 10.780000, 106.705000, 37.56, '2025-11-12 06:00:55'),
(1379, 1, 10.776364, 106.700011, 37.65, '2025-11-12 06:01:00'),
(1380, 2, 10.781862, 106.707819, 38.14, '2025-11-12 06:01:00'),
(1381, 3, 10.780262, 106.705396, 37.56, '2025-11-12 06:01:00'),
(1382, 1, 10.776102, 106.699614, 37.65, '2025-11-12 06:01:05'),
(1383, 2, 10.781596, 106.707417, 38.14, '2025-11-12 06:01:05'),
(1384, 3, 10.780523, 106.705793, 37.56, '2025-11-12 06:01:05'),
(1385, 1, 10.775840, 106.699217, 37.65, '2025-11-12 06:01:10'),
(1386, 2, 10.781330, 106.707014, 38.14, '2025-11-12 06:01:10'),
(1387, 3, 10.780785, 106.706189, 37.56, '2025-11-12 06:01:10'),
(1388, 1, 10.775577, 106.698819, 37.65, '2025-11-12 06:01:15'),
(1389, 2, 10.781064, 106.706612, 38.14, '2025-11-12 06:01:15'),
(1390, 3, 10.781047, 106.706585, 37.56, '2025-11-12 06:01:15'),
(1391, 1, 10.775315, 106.698422, 37.65, '2025-11-12 06:01:20'),
(1392, 2, 10.780799, 106.706210, 38.14, '2025-11-12 06:01:20'),
(1393, 3, 10.781308, 106.706982, 37.56, '2025-11-12 06:01:20'),
(1394, 1, 10.775053, 106.698025, 37.65, '2025-11-12 06:01:25'),
(1395, 2, 10.780533, 106.705807, 38.14, '2025-11-12 06:01:25'),
(1396, 3, 10.781570, 106.707378, 37.56, '2025-11-12 06:01:25'),
(1397, 1, 10.774790, 106.697627, 37.65, '2025-11-12 06:01:30'),
(1398, 2, 10.780267, 106.705405, 38.14, '2025-11-12 06:01:30'),
(1399, 3, 10.781832, 106.707774, 37.56, '2025-11-12 06:01:30'),
(1400, 1, 10.774528, 106.697230, 37.65, '2025-11-12 06:01:35'),
(1401, 2, 10.780002, 106.705002, 38.14, '2025-11-12 06:01:35'),
(1402, 3, 10.782094, 106.708171, 37.56, '2025-11-12 06:01:35'),
(1403, 1, 10.774265, 106.696832, 37.65, '2025-11-12 06:01:40'),
(1404, 2, 10.780000, 106.705000, 38.14, '2025-11-12 06:01:40'),
(1405, 3, 10.782355, 106.708567, 37.56, '2025-11-12 06:01:40'),
(1406, 1, 10.774003, 106.696435, 37.65, '2025-11-12 06:01:45'),
(1407, 2, 10.779713, 106.704613, 38.14, '2025-11-12 06:01:45'),
(1408, 3, 10.782617, 106.708963, 37.56, '2025-11-12 06:01:45'),
(1409, 1, 10.773741, 106.696038, 37.65, '2025-11-12 06:01:50'),
(1410, 2, 10.779426, 106.704226, 38.14, '2025-11-12 06:01:50'),
(1411, 3, 10.782879, 106.709360, 37.56, '2025-11-12 06:01:50'),
(1412, 1, 10.773478, 106.695640, 37.65, '2025-11-12 06:01:55'),
(1413, 2, 10.779139, 106.703839, 38.14, '2025-11-12 06:01:55'),
(1414, 3, 10.783140, 106.709756, 37.56, '2025-11-12 06:01:55'),
(1415, 1, 10.773216, 106.695243, 37.65, '2025-11-12 06:02:00'),
(1416, 2, 10.778852, 106.703452, 38.14, '2025-11-12 06:02:00'),
(1417, 3, 10.783402, 106.710152, 37.56, '2025-11-12 06:02:00'),
(1418, 1, 10.772954, 106.694846, 37.65, '2025-11-12 06:02:05'),
(1419, 2, 10.778565, 106.703065, 38.14, '2025-11-12 06:02:05'),
(1420, 3, 10.783456, 106.710234, 37.56, '2025-11-12 06:02:05'),
(1421, 1, 10.772691, 106.694448, 37.65, '2025-11-12 06:02:10'),
(1422, 2, 10.778278, 106.702678, 38.14, '2025-11-12 06:02:10'),
(1423, 3, 10.783456, 106.710234, 37.56, '2025-11-12 06:02:10'),
(1424, 1, 10.772429, 106.694051, 37.65, '2025-11-12 06:02:15'),
(1425, 2, 10.777991, 106.702291, 38.14, '2025-11-12 06:02:15'),
(1426, 3, 10.783755, 106.710602, 37.56, '2025-11-12 06:02:15'),
(1427, 1, 10.772167, 106.693654, 37.65, '2025-11-12 06:02:20'),
(1428, 2, 10.777704, 106.701904, 38.14, '2025-11-12 06:02:20'),
(1429, 3, 10.784055, 106.710969, 37.56, '2025-11-12 06:02:20'),
(1430, 1, 10.771904, 106.693256, 37.65, '2025-11-12 06:02:25'),
(1431, 2, 10.777417, 106.701517, 38.14, '2025-11-12 06:02:25'),
(1432, 3, 10.784354, 106.711337, 37.56, '2025-11-12 06:02:25'),
(1433, 1, 10.771642, 106.692859, 37.65, '2025-11-12 06:02:30'),
(1434, 2, 10.777130, 106.701130, 38.14, '2025-11-12 06:02:30'),
(1435, 3, 10.784654, 106.711705, 37.56, '2025-11-12 06:02:30'),
(1436, 1, 10.771380, 106.692462, 37.65, '2025-11-12 06:02:35'),
(1437, 2, 10.776889, 106.700806, 38.14, '2025-11-12 06:02:35'),
(1438, 3, 10.784953, 106.712072, 37.56, '2025-11-12 06:02:35'),
(1439, 1, 10.771135, 106.692091, 37.65, '2025-11-12 06:02:40'),
(1440, 2, 10.776889, 106.700806, 38.14, '2025-11-12 06:02:40'),
(1441, 3, 10.785253, 106.712440, 37.56, '2025-11-12 06:02:40'),
(1442, 1, 10.771135, 106.692091, 37.65, '2025-11-12 06:02:45'),
(1443, 2, 10.776623, 106.700404, 38.14, '2025-11-12 06:02:45'),
(1444, 3, 10.785552, 106.712807, 37.56, '2025-11-12 06:02:45'),
(1445, 1, 10.770977, 106.691640, 37.65, '2025-11-12 06:02:50'),
(1446, 2, 10.776358, 106.700001, 38.14, '2025-11-12 06:02:50'),
(1447, 3, 10.785851, 106.713175, 37.56, '2025-11-12 06:02:50'),
(1448, 1, 10.770819, 106.691189, 37.65, '2025-11-12 06:02:55'),
(1449, 2, 10.776092, 106.699599, 38.14, '2025-11-12 06:02:55'),
(1450, 3, 10.786151, 106.713543, 37.56, '2025-11-12 06:02:55'),
(1451, 1, 10.770660, 106.690738, 37.65, '2025-11-12 06:03:00'),
(1452, 2, 10.775826, 106.699196, 38.14, '2025-11-12 06:03:00'),
(1453, 3, 10.786450, 106.713910, 37.56, '2025-11-12 06:03:00'),
(1454, 1, 10.770502, 106.690288, 37.65, '2025-11-12 06:03:05'),
(1455, 2, 10.775560, 106.698794, 38.14, '2025-11-12 06:03:05'),
(1456, 3, 10.786750, 106.714278, 37.56, '2025-11-12 06:03:05'),
(1457, 1, 10.770344, 106.689837, 37.65, '2025-11-12 06:03:10'),
(1458, 2, 10.775295, 106.698391, 38.14, '2025-11-12 06:03:10'),
(1459, 3, 10.787049, 106.714646, 37.56, '2025-11-12 06:03:10'),
(1460, 1, 10.770186, 106.689386, 37.65, '2025-11-12 06:03:15'),
(1461, 2, 10.775029, 106.697989, 38.14, '2025-11-12 06:03:15'),
(1462, 3, 10.787349, 106.715013, 37.56, '2025-11-12 06:03:15'),
(1463, 1, 10.770028, 106.688935, 37.65, '2025-11-12 06:03:20'),
(1464, 2, 10.774763, 106.697586, 38.14, '2025-11-12 06:03:20'),
(1465, 3, 10.787648, 106.715381, 37.56, '2025-11-12 06:03:20'),
(1466, 1, 10.769870, 106.688484, 37.65, '2025-11-12 06:03:25'),
(1467, 2, 10.774498, 106.697184, 38.14, '2025-11-12 06:03:25'),
(1468, 3, 10.787890, 106.715678, 37.56, '2025-11-12 06:03:25'),
(1469, 1, 10.769711, 106.688033, 37.65, '2025-11-12 06:03:30'),
(1470, 2, 10.774232, 106.696782, 38.14, '2025-11-12 06:03:30'),
(1471, 3, 10.787890, 106.715678, 37.56, '2025-11-12 06:03:30'),
(1472, 1, 10.769553, 106.687582, 37.65, '2025-11-12 06:03:35'),
(1473, 2, 10.773966, 106.696379, 38.14, '2025-11-12 06:03:35'),
(1474, 3, 10.788175, 106.716057, 37.56, '2025-11-12 06:03:35'),
(1475, 1, 10.769395, 106.687131, 37.65, '2025-11-12 06:03:40'),
(1476, 2, 10.773701, 106.695977, 38.14, '2025-11-12 06:03:40'),
(1477, 3, 10.788460, 106.716436, 37.56, '2025-11-12 06:03:40'),
(1478, 1, 10.769237, 106.686681, 37.65, '2025-11-12 06:03:45'),
(1479, 2, 10.773435, 106.695574, 38.14, '2025-11-12 06:03:45'),
(1480, 3, 10.788746, 106.716815, 37.56, '2025-11-12 06:03:45'),
(1481, 1, 10.769079, 106.686230, 37.65, '2025-11-12 06:03:50'),
(1482, 2, 10.773169, 106.695172, 38.14, '2025-11-12 06:03:50'),
(1483, 3, 10.789031, 106.717195, 37.56, '2025-11-12 06:03:50'),
(1484, 1, 10.768921, 106.685779, 37.65, '2025-11-12 06:03:55'),
(1485, 2, 10.772903, 106.694769, 38.14, '2025-11-12 06:03:55'),
(1486, 3, 10.789316, 106.717574, 37.56, '2025-11-12 06:03:55'),
(1487, 1, 10.768762, 106.685328, 37.65, '2025-11-12 06:04:00'),
(1488, 2, 10.772638, 106.694367, 38.14, '2025-11-12 06:04:00'),
(1489, 3, 10.789601, 106.717953, 37.56, '2025-11-12 06:04:00'),
(1490, 1, 10.768604, 106.684877, 37.65, '2025-11-12 06:04:05'),
(1491, 2, 10.772372, 106.693965, 38.14, '2025-11-12 06:04:05'),
(1492, 3, 10.789887, 106.718332, 37.56, '2025-11-12 06:04:05'),
(1493, 1, 10.768446, 106.684426, 37.65, '2025-11-12 06:04:10'),
(1494, 2, 10.772106, 106.693562, 38.14, '2025-11-12 06:04:10'),
(1495, 3, 10.790172, 106.718711, 37.56, '2025-11-12 06:04:10'),
(1496, 1, 10.768288, 106.683975, 37.65, '2025-11-12 06:04:15'),
(1497, 2, 10.771841, 106.693160, 38.14, '2025-11-12 06:04:15'),
(1498, 3, 10.790457, 106.719090, 37.56, '2025-11-12 06:04:15'),
(1499, 1, 10.768247, 106.683859, 37.65, '2025-11-12 06:04:20'),
(1500, 2, 10.771575, 106.692757, 38.14, '2025-11-12 06:04:20'),
(1501, 3, 10.790742, 106.719469, 37.56, '2025-11-12 06:04:20'),
(1502, 1, 10.768426, 106.684371, 42.73, '2025-11-12 06:31:39'),
(1503, 2, 10.771892, 106.693237, 45.50, '2025-11-12 06:31:39'),
(1504, 3, 10.791086, 106.719894, 43.27, '2025-11-12 06:31:39'),
(1505, 1, 10.768606, 106.684882, 42.73, '2025-11-12 06:31:44'),
(1506, 2, 10.772209, 106.693717, 45.50, '2025-11-12 06:31:44'),
(1507, 3, 10.791429, 106.720318, 43.27, '2025-11-12 06:31:44'),
(1508, 1, 10.768785, 106.685394, 42.73, '2025-11-12 06:31:49'),
(1509, 2, 10.772526, 106.694197, 45.50, '2025-11-12 06:31:49'),
(1510, 3, 10.791773, 106.720743, 43.27, '2025-11-12 06:31:49'),
(1511, 1, 10.768965, 106.685906, 42.73, '2025-11-12 06:31:54'),
(1512, 2, 10.772843, 106.694677, 45.50, '2025-11-12 06:31:54'),
(1513, 3, 10.792117, 106.721167, 43.27, '2025-11-12 06:31:54'),
(1514, 1, 10.769144, 106.686417, 42.73, '2025-11-12 06:31:59'),
(1515, 2, 10.773160, 106.695158, 45.50, '2025-11-12 06:31:59'),
(1516, 3, 10.792460, 106.721592, 43.27, '2025-11-12 06:31:59'),
(1517, 1, 10.769324, 106.686929, 42.73, '2025-11-12 06:32:04'),
(1518, 2, 10.773477, 106.695638, 45.50, '2025-11-12 06:32:04'),
(1519, 3, 10.792804, 106.722016, 43.27, '2025-11-12 06:32:04'),
(1520, 1, 10.769503, 106.687441, 42.73, '2025-11-12 06:32:09'),
(1521, 2, 10.773794, 106.696118, 45.50, '2025-11-12 06:32:09'),
(1522, 3, 10.793148, 106.722441, 43.27, '2025-11-12 06:32:09'),
(1523, 1, 10.769683, 106.687952, 42.73, '2025-11-12 06:32:14'),
(1524, 2, 10.774111, 106.696598, 45.50, '2025-11-12 06:32:14'),
(1525, 3, 10.793491, 106.722866, 43.27, '2025-11-12 06:32:14'),
(1526, 1, 10.769863, 106.688464, 42.73, '2025-11-12 06:32:19'),
(1527, 2, 10.774428, 106.697078, 45.50, '2025-11-12 06:32:19'),
(1528, 3, 10.793835, 106.723290, 43.27, '2025-11-12 06:32:19'),
(1529, 1, 10.770042, 106.688975, 42.73, '2025-11-12 06:32:24'),
(1530, 2, 10.774745, 106.697558, 45.50, '2025-11-12 06:32:24'),
(1531, 3, 10.794179, 106.723715, 43.27, '2025-11-12 06:32:24'),
(1532, 1, 10.770222, 106.689487, 42.73, '2025-11-12 06:32:29'),
(1533, 2, 10.775062, 106.698038, 45.50, '2025-11-12 06:32:29'),
(1534, 3, 10.794522, 106.724139, 43.27, '2025-11-12 06:32:29'),
(1535, 1, 10.770401, 106.689999, 42.73, '2025-11-12 06:32:34'),
(1536, 2, 10.775379, 106.698518, 45.50, '2025-11-12 06:32:34'),
(1537, 3, 10.794866, 106.724564, 43.27, '2025-11-12 06:32:34'),
(1538, 1, 10.770581, 106.690510, 42.73, '2025-11-12 06:32:39'),
(1539, 2, 10.775696, 106.698998, 45.50, '2025-11-12 06:32:39'),
(1540, 3, 10.795210, 106.724989, 43.27, '2025-11-12 06:32:39'),
(1541, 1, 10.770760, 106.691022, 42.73, '2025-11-12 06:32:44'),
(1542, 2, 10.776013, 106.699479, 45.50, '2025-11-12 06:32:44'),
(1543, 3, 10.795553, 106.725413, 43.27, '2025-11-12 06:32:44'),
(1544, 1, 10.770940, 106.691534, 42.73, '2025-11-12 06:32:49'),
(1545, 2, 10.776330, 106.699959, 45.50, '2025-11-12 06:32:49'),
(1546, 3, 10.795678, 106.725567, 43.27, '2025-11-12 06:32:49'),
(1547, 1, 10.771119, 106.692045, 42.73, '2025-11-12 06:32:54'),
(1548, 2, 10.776647, 106.700439, 45.50, '2025-11-12 06:32:54'),
(1549, 3, 10.795678, 106.725567, 43.27, '2025-11-12 06:32:54'),
(1550, 1, 10.771135, 106.692091, 42.73, '2025-11-12 06:32:59'),
(1551, 2, 10.776889, 106.700806, 45.50, '2025-11-12 06:32:59'),
(1552, 3, 10.795333, 106.725144, 43.27, '2025-11-12 06:32:59'),
(1553, 1, 10.771433, 106.692542, 42.73, '2025-11-12 06:33:04'),
(1554, 2, 10.776889, 106.700806, 45.50, '2025-11-12 06:33:04'),
(1555, 3, 10.794987, 106.724721, 43.27, '2025-11-12 06:33:04'),
(1556, 1, 10.771730, 106.692993, 42.73, '2025-11-12 06:33:09'),
(1557, 2, 10.777231, 106.701268, 45.50, '2025-11-12 06:33:09'),
(1558, 3, 10.794642, 106.724298, 43.27, '2025-11-12 06:33:09'),
(1559, 1, 10.772028, 106.693444, 42.73, '2025-11-12 06:33:14'),
(1560, 2, 10.777574, 106.701729, 45.50, '2025-11-12 06:33:14'),
(1561, 3, 10.794296, 106.723875, 43.27, '2025-11-12 06:33:14'),
(1562, 1, 10.772326, 106.693895, 42.73, '2025-11-12 06:33:19'),
(1563, 2, 10.777916, 106.702191, 45.50, '2025-11-12 06:33:19'),
(1564, 3, 10.793951, 106.723451, 43.27, '2025-11-12 06:33:19'),
(1565, 1, 10.772624, 106.694346, 42.73, '2025-11-12 06:33:24'),
(1566, 2, 10.778259, 106.702653, 45.50, '2025-11-12 06:33:24'),
(1567, 3, 10.793606, 106.723028, 43.27, '2025-11-12 06:33:24'),
(1568, 1, 10.772921, 106.694797, 42.73, '2025-11-12 06:33:29'),
(1569, 2, 10.778601, 106.703114, 45.50, '2025-11-12 06:33:29'),
(1570, 3, 10.793260, 106.722605, 43.27, '2025-11-12 06:33:29'),
(1571, 1, 10.773219, 106.695247, 42.73, '2025-11-12 06:33:34'),
(1572, 2, 10.778944, 106.703576, 45.50, '2025-11-12 06:33:34'),
(1573, 3, 10.792915, 106.722182, 43.27, '2025-11-12 06:33:34'),
(1574, 1, 10.773517, 106.695698, 42.73, '2025-11-12 06:33:39'),
(1575, 2, 10.779286, 106.704037, 45.50, '2025-11-12 06:33:39'),
(1576, 3, 10.792569, 106.721759, 43.27, '2025-11-12 06:33:39'),
(1577, 1, 10.773814, 106.696149, 42.73, '2025-11-12 06:33:44'),
(1578, 2, 10.779628, 106.704499, 45.50, '2025-11-12 06:33:44'),
(1579, 3, 10.792224, 106.721336, 43.27, '2025-11-12 06:33:44'),
(1580, 1, 10.774112, 106.696600, 42.73, '2025-11-12 06:33:49'),
(1581, 2, 10.779971, 106.704961, 45.50, '2025-11-12 06:33:49'),
(1582, 3, 10.791879, 106.720913, 43.27, '2025-11-12 06:33:49'),
(1583, 1, 10.774410, 106.697051, 42.73, '2025-11-12 06:33:54'),
(1584, 2, 10.780000, 106.705000, 45.50, '2025-11-12 06:33:54'),
(1585, 3, 10.791533, 106.720490, 43.27, '2025-11-12 06:33:54'),
(1586, 1, 10.774708, 106.697502, 42.73, '2025-11-12 06:33:59'),
(1587, 2, 10.780317, 106.705480, 45.50, '2025-11-12 06:33:59'),
(1588, 3, 10.791234, 106.720123, 43.27, '2025-11-12 06:33:59'),
(1589, 1, 10.775005, 106.697953, 42.73, '2025-11-12 06:34:04'),
(1590, 2, 10.780634, 106.705960, 45.50, '2025-11-12 06:34:04'),
(1591, 3, 10.791234, 106.720123, 43.27, '2025-11-12 06:34:04'),
(1592, 1, 10.775303, 106.698404, 42.73, '2025-11-12 06:34:09'),
(1593, 2, 10.780951, 106.706440, 45.50, '2025-11-12 06:34:09'),
(1594, 3, 10.790905, 106.719686, 43.27, '2025-11-12 06:34:09'),
(1595, 1, 10.775601, 106.698855, 42.73, '2025-11-12 06:34:14'),
(1596, 2, 10.781268, 106.706920, 45.50, '2025-11-12 06:34:14'),
(1597, 3, 10.790577, 106.719249, 43.27, '2025-11-12 06:34:14'),
(1598, 1, 10.775899, 106.699306, 42.73, '2025-11-12 06:34:19'),
(1599, 2, 10.781585, 106.707400, 45.50, '2025-11-12 06:34:19'),
(1600, 3, 10.790248, 106.718813, 43.27, '2025-11-12 06:34:19'),
(1601, 1, 10.776196, 106.699757, 42.73, '2025-11-12 06:34:24'),
(1602, 2, 10.781902, 106.707881, 45.50, '2025-11-12 06:34:24'),
(1603, 3, 10.789920, 106.718376, 43.27, '2025-11-12 06:34:24'),
(1604, 1, 10.776494, 106.700208, 42.73, '2025-11-12 06:34:29'),
(1605, 2, 10.782219, 106.708361, 45.50, '2025-11-12 06:34:29'),
(1606, 3, 10.789591, 106.717939, 43.27, '2025-11-12 06:34:29'),
(1607, 1, 10.776792, 106.700659, 42.73, '2025-11-12 06:34:34'),
(1608, 2, 10.782536, 106.708841, 45.50, '2025-11-12 06:34:34'),
(1609, 3, 10.789262, 106.717502, 43.27, '2025-11-12 06:34:34'),
(1610, 1, 10.776889, 106.700806, 42.73, '2025-11-12 06:34:39'),
(1611, 2, 10.782853, 106.709321, 45.50, '2025-11-12 06:34:39'),
(1612, 3, 10.788934, 106.717066, 43.27, '2025-11-12 06:34:39'),
(1613, 1, 10.776889, 106.700806, 42.73, '2025-11-12 06:34:44'),
(1614, 2, 10.783170, 106.709801, 45.50, '2025-11-12 06:34:44'),
(1615, 3, 10.788605, 106.716629, 43.27, '2025-11-12 06:34:44'),
(1616, 1, 10.777211, 106.701240, 42.73, '2025-11-12 06:34:49'),
(1617, 2, 10.783456, 106.710234, 45.50, '2025-11-12 06:34:49'),
(1618, 3, 10.788277, 106.716192, 43.27, '2025-11-12 06:34:49'),
(1619, 1, 10.777532, 106.701673, 42.73, '2025-11-12 06:34:54'),
(1620, 2, 10.783456, 106.710234, 45.50, '2025-11-12 06:34:54'),
(1621, 3, 10.787948, 106.715755, 43.27, '2025-11-12 06:34:54'),
(1622, 1, 10.777854, 106.702107, 42.73, '2025-11-12 06:34:59'),
(1623, 2, 10.783819, 106.710679, 45.50, '2025-11-12 06:34:59'),
(1624, 3, 10.787890, 106.715678, 43.27, '2025-11-12 06:34:59'),
(1625, 1, 10.778175, 106.702540, 42.73, '2025-11-12 06:35:04'),
(1626, 2, 10.784181, 106.711125, 45.50, '2025-11-12 06:35:04');
INSERT INTO `vitrixe` (`ma_vitri`, `ma_xe`, `vi_do`, `kinh_do`, `toc_do`, `thoi_gian`) VALUES
(1627, 3, 10.787890, 106.715678, 43.27, '2025-11-12 06:35:04'),
(1628, 1, 10.778497, 106.702974, 42.73, '2025-11-12 06:35:09'),
(1629, 2, 10.784544, 106.711570, 45.50, '2025-11-12 06:35:09'),
(1630, 3, 10.787545, 106.715254, 43.27, '2025-11-12 06:35:09'),
(1631, 1, 10.778819, 106.703408, 42.73, '2025-11-12 06:35:14'),
(1632, 2, 10.784907, 106.712015, 45.50, '2025-11-12 06:35:14'),
(1633, 3, 10.787200, 106.714831, 43.27, '2025-11-12 06:35:14'),
(1634, 1, 10.779140, 106.703841, 42.73, '2025-11-12 06:35:19'),
(1635, 2, 10.785270, 106.712461, 45.50, '2025-11-12 06:35:19'),
(1636, 3, 10.786855, 106.714407, 43.27, '2025-11-12 06:35:19'),
(1637, 1, 10.779462, 106.704275, 42.73, '2025-11-12 06:35:24'),
(1638, 2, 10.785632, 106.712906, 45.50, '2025-11-12 06:35:24'),
(1639, 3, 10.786510, 106.713984, 43.27, '2025-11-12 06:35:24'),
(1640, 1, 10.779784, 106.704708, 42.73, '2025-11-12 06:35:29'),
(1641, 2, 10.785995, 106.713351, 45.50, '2025-11-12 06:35:29'),
(1642, 3, 10.786165, 106.713560, 43.27, '2025-11-12 06:35:29'),
(1643, 1, 10.780000, 106.705000, 42.73, '2025-11-12 06:35:34'),
(1644, 2, 10.786358, 106.713797, 45.50, '2025-11-12 06:35:34'),
(1645, 3, 10.785820, 106.713137, 43.27, '2025-11-12 06:35:34'),
(1646, 1, 10.780000, 106.705000, 42.73, '2025-11-12 06:35:39'),
(1647, 2, 10.786720, 106.714242, 45.50, '2025-11-12 06:35:39'),
(1648, 3, 10.785475, 106.712713, 43.27, '2025-11-12 06:35:39'),
(1649, 1, 10.779678, 106.704566, 42.73, '2025-11-12 06:35:44'),
(1650, 2, 10.787083, 106.714687, 45.50, '2025-11-12 06:35:44'),
(1651, 3, 10.785131, 106.712290, 43.27, '2025-11-12 06:35:44'),
(1652, 1, 10.779357, 106.704133, 42.73, '2025-11-12 06:35:49'),
(1653, 2, 10.787446, 106.715133, 45.50, '2025-11-12 06:35:49'),
(1654, 3, 10.784786, 106.711866, 43.27, '2025-11-12 06:35:49'),
(1655, 1, 10.779035, 106.703699, 42.73, '2025-11-12 06:35:54'),
(1656, 2, 10.787808, 106.715578, 45.50, '2025-11-12 06:35:54'),
(1657, 3, 10.784441, 106.711443, 43.27, '2025-11-12 06:35:54'),
(1658, 1, 10.778714, 106.703266, 42.73, '2025-11-12 06:35:59'),
(1659, 2, 10.787890, 106.715678, 45.50, '2025-11-12 06:35:59'),
(1660, 3, 10.784096, 106.711019, 43.27, '2025-11-12 06:35:59'),
(1661, 1, 10.778392, 106.702832, 42.73, '2025-11-12 06:36:04'),
(1662, 2, 10.787890, 106.715678, 45.50, '2025-11-12 06:36:04'),
(1663, 3, 10.783751, 106.710596, 43.27, '2025-11-12 06:36:04'),
(1664, 1, 10.778070, 106.702398, 42.73, '2025-11-12 06:36:09'),
(1665, 2, 10.787527, 106.715233, 45.50, '2025-11-12 06:36:09'),
(1666, 3, 10.783456, 106.710234, 43.27, '2025-11-12 06:36:09'),
(1667, 1, 10.777749, 106.701965, 42.73, '2025-11-12 06:36:14'),
(1668, 2, 10.787165, 106.714787, 45.50, '2025-11-12 06:36:14'),
(1669, 3, 10.783456, 106.710234, 43.27, '2025-11-12 06:36:14'),
(1670, 1, 10.777427, 106.701531, 42.73, '2025-11-12 06:36:19'),
(1671, 2, 10.786802, 106.714342, 45.50, '2025-11-12 06:36:19'),
(1672, 3, 10.783155, 106.709777, 43.27, '2025-11-12 06:36:19'),
(1673, 1, 10.777105, 106.701098, 42.73, '2025-11-12 06:36:24'),
(1674, 2, 10.786439, 106.713897, 45.50, '2025-11-12 06:36:24'),
(1675, 3, 10.782853, 106.709321, 43.27, '2025-11-12 06:36:24'),
(1676, 1, 10.776889, 106.700806, 42.73, '2025-11-12 06:36:29'),
(1677, 2, 10.786076, 106.713451, 45.50, '2025-11-12 06:36:29'),
(1678, 3, 10.782552, 106.708864, 43.27, '2025-11-12 06:36:29'),
(1679, 1, 10.776889, 106.700806, 42.73, '2025-11-12 06:36:34'),
(1680, 2, 10.785714, 106.713006, 45.50, '2025-11-12 06:36:34'),
(1681, 3, 10.782250, 106.708408, 43.27, '2025-11-12 06:36:34'),
(1682, 1, 10.776591, 106.700355, 42.73, '2025-11-12 06:36:39'),
(1683, 2, 10.785351, 106.712561, 45.50, '2025-11-12 06:36:39'),
(1684, 3, 10.781949, 106.707951, 43.27, '2025-11-12 06:36:39'),
(1685, 1, 10.776294, 106.699904, 42.73, '2025-11-12 06:36:44'),
(1686, 2, 10.784988, 106.712115, 45.50, '2025-11-12 06:36:44'),
(1687, 3, 10.781647, 106.707495, 43.27, '2025-11-12 06:36:44'),
(1688, 1, 10.775996, 106.699453, 42.73, '2025-11-12 06:36:49'),
(1689, 2, 10.784626, 106.711670, 45.50, '2025-11-12 06:36:49'),
(1690, 3, 10.781346, 106.707038, 43.27, '2025-11-12 06:36:49'),
(1691, 1, 10.775698, 106.699002, 42.73, '2025-11-12 06:36:54'),
(1692, 2, 10.784263, 106.711225, 45.50, '2025-11-12 06:36:54'),
(1693, 3, 10.781044, 106.706581, 43.27, '2025-11-12 06:36:54'),
(1694, 1, 10.775400, 106.698551, 42.73, '2025-11-12 06:36:59'),
(1695, 2, 10.783900, 106.710779, 45.50, '2025-11-12 06:36:59'),
(1696, 3, 10.780743, 106.706125, 43.27, '2025-11-12 06:36:59'),
(1697, 1, 10.775103, 106.698100, 42.73, '2025-11-12 06:37:04'),
(1698, 2, 10.783538, 106.710334, 45.50, '2025-11-12 06:37:04'),
(1699, 3, 10.780441, 106.705668, 43.27, '2025-11-12 06:37:04'),
(1700, 1, 10.774805, 106.697650, 42.73, '2025-11-12 06:37:09'),
(1701, 2, 10.783456, 106.710234, 45.50, '2025-11-12 06:37:09'),
(1702, 3, 10.780140, 106.705212, 43.27, '2025-11-12 06:37:09'),
(1703, 1, 10.774507, 106.697199, 42.73, '2025-11-12 06:37:14'),
(1704, 2, 10.783456, 106.710234, 45.50, '2025-11-12 06:37:14'),
(1705, 3, 10.780000, 106.705000, 43.27, '2025-11-12 06:37:14'),
(1706, 1, 10.774210, 106.696748, 42.73, '2025-11-12 06:37:19'),
(1707, 2, 10.783139, 106.709754, 45.50, '2025-11-12 06:37:19'),
(1708, 3, 10.780000, 106.705000, 43.27, '2025-11-12 06:37:19'),
(1709, 1, 10.773912, 106.696297, 42.73, '2025-11-12 06:37:24'),
(1710, 2, 10.782822, 106.709274, 45.50, '2025-11-12 06:37:24'),
(1711, 3, 10.780301, 106.705457, 43.27, '2025-11-12 06:37:24'),
(1712, 1, 10.773614, 106.695846, 42.73, '2025-11-12 06:37:29'),
(1713, 2, 10.782505, 106.708794, 45.50, '2025-11-12 06:37:29'),
(1714, 3, 10.780603, 106.705913, 43.27, '2025-11-12 06:37:29'),
(1715, 1, 10.773316, 106.695395, 42.73, '2025-11-12 06:37:34'),
(1716, 2, 10.782188, 106.708314, 45.50, '2025-11-12 06:37:34'),
(1717, 3, 10.780904, 106.706370, 43.27, '2025-11-12 06:37:34'),
(1718, 1, 10.773019, 106.694944, 42.73, '2025-11-12 06:37:39'),
(1719, 2, 10.781871, 106.707834, 45.50, '2025-11-12 06:37:39'),
(1720, 3, 10.781206, 106.706826, 43.27, '2025-11-12 06:37:39'),
(1721, 1, 10.772721, 106.694493, 42.73, '2025-11-12 06:37:44'),
(1722, 2, 10.781554, 106.707353, 45.50, '2025-11-12 06:37:44'),
(1723, 3, 10.781507, 106.707283, 43.27, '2025-11-12 06:37:44'),
(1724, 1, 10.772423, 106.694042, 42.73, '2025-11-12 06:37:49'),
(1725, 2, 10.781237, 106.706873, 45.50, '2025-11-12 06:37:49'),
(1726, 3, 10.781809, 106.707739, 43.27, '2025-11-12 06:37:49'),
(1727, 1, 10.772126, 106.693591, 42.73, '2025-11-12 06:37:54'),
(1728, 2, 10.780920, 106.706393, 45.50, '2025-11-12 06:37:54'),
(1729, 3, 10.782110, 106.708196, 43.27, '2025-11-12 06:37:54'),
(1730, 1, 10.771828, 106.693140, 42.73, '2025-11-12 06:37:59'),
(1731, 2, 10.780603, 106.705913, 45.50, '2025-11-12 06:37:59'),
(1732, 3, 10.782412, 106.708653, 43.27, '2025-11-12 06:37:59'),
(1733, 1, 10.771530, 106.692689, 42.73, '2025-11-12 06:38:04'),
(1734, 2, 10.780286, 106.705433, 45.50, '2025-11-12 06:38:04'),
(1735, 3, 10.782713, 106.709109, 43.27, '2025-11-12 06:38:04'),
(1736, 1, 10.771232, 106.692238, 42.73, '2025-11-12 06:38:09'),
(1737, 2, 10.780000, 106.705000, 45.50, '2025-11-12 06:38:09'),
(1738, 3, 10.783015, 106.709566, 43.27, '2025-11-12 06:38:09'),
(1739, 1, 10.771135, 106.692091, 42.73, '2025-11-12 06:38:14'),
(1740, 2, 10.780000, 106.705000, 45.50, '2025-11-12 06:38:14'),
(1741, 3, 10.783316, 106.710022, 43.27, '2025-11-12 06:38:14'),
(1742, 1, 10.771135, 106.692091, 42.73, '2025-11-12 06:38:19'),
(1743, 2, 10.779658, 106.704538, 45.50, '2025-11-12 06:38:19'),
(1744, 3, 10.783456, 106.710234, 43.27, '2025-11-12 06:38:19'),
(1745, 1, 10.770956, 106.691579, 42.73, '2025-11-12 06:38:24'),
(1746, 2, 10.779315, 106.704077, 45.50, '2025-11-12 06:38:24'),
(1747, 3, 10.783456, 106.710234, 43.27, '2025-11-12 06:38:24'),
(1748, 1, 10.770776, 106.691068, 42.73, '2025-11-12 06:38:29'),
(1749, 2, 10.778973, 106.703615, 45.50, '2025-11-12 06:38:29'),
(1750, 3, 10.783801, 106.710658, 43.27, '2025-11-12 06:38:29'),
(1751, 1, 10.770597, 106.690556, 42.73, '2025-11-12 06:38:34'),
(1752, 2, 10.778630, 106.703153, 45.50, '2025-11-12 06:38:34'),
(1753, 3, 10.784146, 106.711081, 43.27, '2025-11-12 06:38:34'),
(1754, 1, 10.770417, 106.690044, 42.73, '2025-11-12 06:38:39'),
(1755, 2, 10.778288, 106.702692, 45.50, '2025-11-12 06:38:39'),
(1756, 3, 10.784491, 106.711505, 43.27, '2025-11-12 06:38:39'),
(1757, 1, 10.770238, 106.689533, 42.73, '2025-11-12 06:38:44'),
(1758, 2, 10.777945, 106.702230, 45.50, '2025-11-12 06:38:44'),
(1759, 3, 10.784836, 106.711928, 43.27, '2025-11-12 06:38:44'),
(1760, 1, 10.770058, 106.689021, 42.73, '2025-11-12 06:38:49'),
(1761, 2, 10.777603, 106.701769, 45.50, '2025-11-12 06:38:49'),
(1762, 3, 10.785181, 106.712352, 43.27, '2025-11-12 06:38:49'),
(1763, 1, 10.769879, 106.688509, 42.73, '2025-11-12 06:38:54'),
(1764, 2, 10.777261, 106.701307, 45.50, '2025-11-12 06:38:54'),
(1765, 3, 10.785526, 106.712775, 43.27, '2025-11-12 06:38:54'),
(1766, 1, 10.769699, 106.687998, 42.73, '2025-11-12 06:38:59'),
(1767, 2, 10.776918, 106.700845, 45.50, '2025-11-12 06:38:59'),
(1768, 3, 10.785871, 106.713199, 43.27, '2025-11-12 06:38:59'),
(1769, 1, 10.769520, 106.687486, 42.73, '2025-11-12 06:39:04'),
(1770, 2, 10.776889, 106.700806, 45.50, '2025-11-12 06:39:04'),
(1771, 3, 10.786215, 106.713622, 43.27, '2025-11-12 06:39:04'),
(1772, 1, 10.769340, 106.686975, 42.73, '2025-11-12 06:39:09'),
(1773, 2, 10.776572, 106.700326, 45.50, '2025-11-12 06:39:09'),
(1774, 3, 10.786560, 106.714046, 43.27, '2025-11-12 06:39:09'),
(1775, 1, 10.769161, 106.686463, 42.73, '2025-11-12 06:39:14'),
(1776, 2, 10.776255, 106.699846, 45.50, '2025-11-12 06:39:14'),
(1777, 3, 10.786905, 106.714469, 43.27, '2025-11-12 06:39:14'),
(1778, 1, 10.768981, 106.685951, 42.73, '2025-11-12 06:39:19'),
(1779, 2, 10.775938, 106.699366, 45.50, '2025-11-12 06:39:19'),
(1780, 3, 10.787250, 106.714893, 43.27, '2025-11-12 06:39:19'),
(1781, 1, 10.768802, 106.685440, 42.73, '2025-11-12 06:39:24'),
(1782, 2, 10.775621, 106.698886, 45.50, '2025-11-12 06:39:24'),
(1783, 3, 10.787595, 106.715316, 43.27, '2025-11-12 06:39:24'),
(1784, 1, 10.768622, 106.684928, 42.73, '2025-11-12 06:39:29'),
(1785, 2, 10.775304, 106.698406, 45.50, '2025-11-12 06:39:29'),
(1786, 3, 10.787890, 106.715678, 43.27, '2025-11-12 06:39:29'),
(1787, 1, 10.768443, 106.684416, 42.73, '2025-11-12 06:39:34'),
(1788, 2, 10.774987, 106.697925, 45.50, '2025-11-12 06:39:34'),
(1789, 3, 10.787890, 106.715678, 43.27, '2025-11-12 06:39:34'),
(1790, 1, 10.768263, 106.683905, 42.73, '2025-11-12 06:39:39'),
(1791, 2, 10.774670, 106.697445, 45.50, '2025-11-12 06:39:39'),
(1792, 3, 10.788219, 106.716115, 43.27, '2025-11-12 06:39:39'),
(1793, 1, 10.768247, 106.683859, 42.73, '2025-11-12 06:39:44'),
(1794, 2, 10.774353, 106.696965, 45.50, '2025-11-12 06:39:44'),
(1795, 3, 10.788547, 106.716552, 43.27, '2025-11-12 06:39:44'),
(1796, 1, 10.767737, 106.683698, 42.73, '2025-11-12 06:39:49'),
(1797, 2, 10.774036, 106.696485, 45.50, '2025-11-12 06:39:49'),
(1798, 3, 10.788876, 106.716988, 43.27, '2025-11-12 06:39:49'),
(1799, 1, 10.767228, 106.683536, 42.73, '2025-11-12 06:39:54'),
(1800, 2, 10.773719, 106.696005, 45.50, '2025-11-12 06:39:54'),
(1801, 3, 10.789204, 106.717425, 43.27, '2025-11-12 06:39:54'),
(1802, 1, 10.766718, 106.683375, 42.73, '2025-11-12 06:39:59'),
(1803, 2, 10.773402, 106.695525, 45.50, '2025-11-12 06:39:59'),
(1804, 3, 10.789533, 106.717862, 43.27, '2025-11-12 06:39:59'),
(1805, 1, 10.766208, 106.683214, 42.73, '2025-11-12 06:40:04'),
(1806, 2, 10.773085, 106.695045, 45.50, '2025-11-12 06:40:04'),
(1807, 3, 10.789862, 106.718299, 43.27, '2025-11-12 06:40:04'),
(1808, 1, 10.765699, 106.683053, 42.73, '2025-11-12 06:40:09'),
(1809, 2, 10.772768, 106.694565, 45.50, '2025-11-12 06:40:09'),
(1810, 3, 10.790190, 106.718735, 43.27, '2025-11-12 06:40:09'),
(1811, 1, 10.765964, 106.683494, 40.67, '2025-11-12 07:13:31'),
(1812, 2, 10.773093, 106.695058, 46.69, '2025-11-12 07:13:31'),
(1813, 3, 10.790522, 106.719148, 41.94, '2025-11-12 07:13:31'),
(1814, 1, 10.766229, 106.683935, 40.67, '2025-11-12 07:13:36'),
(1815, 2, 10.773419, 106.695550, 46.69, '2025-11-12 07:13:36'),
(1816, 3, 10.790853, 106.719561, 41.94, '2025-11-12 07:13:36'),
(1817, 1, 10.766495, 106.684376, 40.67, '2025-11-12 07:13:41'),
(1818, 2, 10.773744, 106.696043, 46.69, '2025-11-12 07:13:41'),
(1819, 3, 10.791185, 106.719973, 41.94, '2025-11-12 07:13:41'),
(1820, 1, 10.766760, 106.684817, 40.67, '2025-11-12 07:13:46'),
(1821, 2, 10.774069, 106.696536, 46.69, '2025-11-12 07:13:46'),
(1822, 3, 10.791516, 106.720386, 41.94, '2025-11-12 07:13:46'),
(1823, 1, 10.767025, 106.685258, 40.67, '2025-11-12 07:13:51'),
(1824, 2, 10.774395, 106.697028, 46.69, '2025-11-12 07:13:51'),
(1825, 3, 10.791848, 106.720799, 41.94, '2025-11-12 07:13:51'),
(1826, 1, 10.767290, 106.685699, 40.67, '2025-11-12 07:13:56'),
(1827, 2, 10.774720, 106.697521, 46.69, '2025-11-12 07:13:56'),
(1828, 3, 10.792180, 106.721212, 41.94, '2025-11-12 07:13:56'),
(1829, 1, 10.767556, 106.686140, 40.67, '2025-11-12 07:14:01'),
(1830, 2, 10.775045, 106.698014, 46.69, '2025-11-12 07:14:01'),
(1831, 3, 10.792511, 106.721625, 41.94, '2025-11-12 07:14:01'),
(1832, 1, 10.767821, 106.686581, 40.67, '2025-11-12 07:14:06'),
(1833, 2, 10.775371, 106.698506, 46.69, '2025-11-12 07:14:06'),
(1834, 3, 10.792843, 106.722037, 41.94, '2025-11-12 07:14:06'),
(1835, 1, 10.768086, 106.687022, 40.67, '2025-11-12 07:14:11'),
(1836, 2, 10.775696, 106.698999, 46.69, '2025-11-12 07:14:11'),
(1837, 3, 10.793174, 106.722450, 41.94, '2025-11-12 07:14:11'),
(1838, 1, 10.768351, 106.687463, 40.67, '2025-11-12 07:14:16'),
(1839, 2, 10.776021, 106.699492, 46.69, '2025-11-12 07:14:16'),
(1840, 3, 10.793506, 106.722863, 41.94, '2025-11-12 07:14:16'),
(1841, 1, 10.768617, 106.687904, 40.67, '2025-11-12 07:14:21'),
(1842, 2, 10.776346, 106.699984, 46.69, '2025-11-12 07:14:21'),
(1843, 3, 10.793837, 106.723276, 41.94, '2025-11-12 07:14:21'),
(1844, 1, 10.768882, 106.688345, 40.67, '2025-11-12 07:14:26'),
(1845, 2, 10.776672, 106.700477, 46.69, '2025-11-12 07:14:26'),
(1846, 3, 10.794169, 106.723689, 41.94, '2025-11-12 07:14:26'),
(1847, 1, 10.769147, 106.688786, 40.67, '2025-11-12 07:14:31'),
(1848, 2, 10.776889, 106.700806, 46.69, '2025-11-12 07:14:31'),
(1849, 3, 10.794501, 106.724101, 41.94, '2025-11-12 07:14:31'),
(1850, 1, 10.769412, 106.689227, 40.67, '2025-11-12 07:14:36'),
(1851, 2, 10.776889, 106.700806, 46.69, '2025-11-12 07:14:36'),
(1852, 3, 10.794832, 106.724514, 41.94, '2025-11-12 07:14:36'),
(1853, 1, 10.769678, 106.689668, 40.67, '2025-11-12 07:14:41'),
(1854, 2, 10.777240, 106.701280, 46.69, '2025-11-12 07:14:41'),
(1855, 3, 10.795164, 106.724927, 41.94, '2025-11-12 07:14:41'),
(1856, 1, 10.769943, 106.690109, 40.67, '2025-11-12 07:14:46'),
(1857, 2, 10.777592, 106.701753, 46.69, '2025-11-12 07:14:46'),
(1858, 3, 10.795495, 106.725340, 41.94, '2025-11-12 07:14:46'),
(1859, 1, 10.770208, 106.690550, 40.67, '2025-11-12 07:14:51'),
(1860, 2, 10.777943, 106.702227, 46.69, '2025-11-12 07:14:51'),
(1861, 3, 10.795678, 106.725567, 41.94, '2025-11-12 07:14:51'),
(1862, 1, 10.770473, 106.690991, 40.67, '2025-11-12 07:14:56'),
(1863, 2, 10.778295, 106.702701, 46.69, '2025-11-12 07:14:56'),
(1864, 3, 10.795678, 106.725567, 41.94, '2025-11-12 07:14:56'),
(1865, 1, 10.770738, 106.691432, 40.67, '2025-11-12 07:15:01'),
(1866, 2, 10.778646, 106.703175, 46.69, '2025-11-12 07:15:01'),
(1867, 3, 10.795343, 106.725157, 41.94, '2025-11-12 07:15:01'),
(1868, 1, 10.771004, 106.691873, 40.67, '2025-11-12 07:15:06'),
(1869, 2, 10.778997, 106.703648, 46.69, '2025-11-12 07:15:06'),
(1870, 3, 10.795008, 106.724747, 41.94, '2025-11-12 07:15:06'),
(1871, 1, 10.771135, 106.692091, 40.67, '2025-11-12 07:15:11'),
(1872, 2, 10.779349, 106.704122, 46.69, '2025-11-12 07:15:11'),
(1873, 3, 10.794674, 106.724337, 41.94, '2025-11-12 07:15:11'),
(1874, 1, 10.771135, 106.692091, 40.67, '2025-11-12 07:15:16'),
(1875, 2, 10.779700, 106.704596, 46.69, '2025-11-12 07:15:16'),
(1876, 3, 10.794339, 106.723927, 41.94, '2025-11-12 07:15:16'),
(1877, 1, 10.771418, 106.692520, 40.67, '2025-11-12 07:15:21'),
(1878, 2, 10.780000, 106.705000, 46.69, '2025-11-12 07:15:21'),
(1879, 3, 10.794004, 106.723516, 41.94, '2025-11-12 07:15:21'),
(1880, 1, 10.771702, 106.692949, 40.67, '2025-11-12 07:15:26'),
(1881, 2, 10.780000, 106.705000, 46.69, '2025-11-12 07:15:26'),
(1882, 3, 10.793669, 106.723106, 41.94, '2025-11-12 07:15:26'),
(1883, 1, 10.771914, 106.693270, 30.44, '2025-11-12 08:10:12'),
(1884, 2, 10.780230, 106.705349, 33.03, '2025-11-12 08:10:12'),
(1885, 3, 10.793283, 106.722634, 48.31, '2025-11-12 08:10:12'),
(1886, 1, 10.772126, 106.693591, 30.44, '2025-11-12 08:10:17'),
(1887, 2, 10.780460, 106.705697, 33.03, '2025-11-12 08:10:17'),
(1888, 3, 10.792898, 106.722161, 48.31, '2025-11-12 08:10:17'),
(1889, 1, 10.772338, 106.693913, 30.44, '2025-11-12 08:10:22'),
(1890, 2, 10.780690, 106.706046, 33.03, '2025-11-12 08:10:22'),
(1891, 3, 10.792512, 106.721689, 48.31, '2025-11-12 08:10:22'),
(1892, 1, 10.772550, 106.694234, 30.44, '2025-11-12 08:10:27'),
(1893, 2, 10.780921, 106.706394, 33.03, '2025-11-12 08:10:27'),
(1894, 3, 10.792126, 106.721216, 48.31, '2025-11-12 08:10:27'),
(1895, 1, 10.772762, 106.694555, 30.44, '2025-11-12 08:10:32'),
(1896, 2, 10.781151, 106.706743, 33.03, '2025-11-12 08:10:32'),
(1897, 3, 10.791741, 106.720744, 48.31, '2025-11-12 08:10:32'),
(1898, 1, 10.772974, 106.694876, 30.44, '2025-11-12 08:10:37'),
(1899, 2, 10.781381, 106.707091, 33.03, '2025-11-12 08:10:37'),
(1900, 3, 10.791355, 106.720271, 48.31, '2025-11-12 08:10:37'),
(1901, 1, 10.773186, 106.695197, 30.44, '2025-11-12 08:10:42'),
(1902, 2, 10.781611, 106.707440, 33.03, '2025-11-12 08:10:42'),
(1903, 3, 10.791234, 106.720123, 48.31, '2025-11-12 08:10:42'),
(1904, 1, 10.773398, 106.695519, 30.44, '2025-11-12 08:10:47'),
(1905, 2, 10.781841, 106.707788, 33.03, '2025-11-12 08:10:47'),
(1906, 3, 10.791234, 106.720123, 48.31, '2025-11-12 08:10:47'),
(1907, 1, 10.773610, 106.695840, 30.44, '2025-11-12 08:10:52'),
(1908, 2, 10.782071, 106.708137, 33.03, '2025-11-12 08:10:52'),
(1909, 3, 10.790867, 106.719635, 48.31, '2025-11-12 08:10:52'),
(1910, 1, 10.773822, 106.696161, 30.44, '2025-11-12 08:10:57'),
(1911, 2, 10.782301, 106.708485, 33.03, '2025-11-12 08:10:57'),
(1912, 3, 10.790500, 106.719148, 48.31, '2025-11-12 08:10:57'),
(1913, 1, 10.774034, 106.696482, 30.44, '2025-11-12 08:11:02'),
(1914, 2, 10.782532, 106.708834, 33.03, '2025-11-12 08:11:02'),
(1915, 3, 10.790133, 106.718660, 48.31, '2025-11-12 08:11:02'),
(1916, 1, 10.774246, 106.696803, 30.44, '2025-11-12 08:11:07'),
(1917, 2, 10.782762, 106.709182, 33.03, '2025-11-12 08:11:07'),
(1918, 3, 10.789766, 106.718172, 48.31, '2025-11-12 08:11:07'),
(1919, 1, 10.774459, 106.697124, 30.44, '2025-11-12 08:11:12'),
(1920, 2, 10.782992, 106.709531, 33.03, '2025-11-12 08:11:12'),
(1921, 3, 10.789400, 106.717685, 48.31, '2025-11-12 08:11:12'),
(1922, 1, 10.774671, 106.697446, 30.44, '2025-11-12 08:11:17'),
(1923, 2, 10.783222, 106.709880, 33.03, '2025-11-12 08:11:17'),
(1924, 3, 10.789033, 106.717197, 48.31, '2025-11-12 08:11:17'),
(1925, 1, 10.774883, 106.697767, 30.44, '2025-11-12 08:11:22'),
(1926, 2, 10.783452, 106.710228, 33.03, '2025-11-12 08:11:22'),
(1927, 3, 10.788666, 106.716709, 48.31, '2025-11-12 08:11:22'),
(1928, 1, 10.775095, 106.698088, 30.44, '2025-11-12 08:11:27'),
(1929, 2, 10.783456, 106.710234, 33.03, '2025-11-12 08:11:27'),
(1930, 3, 10.788299, 106.716221, 48.31, '2025-11-12 08:11:27'),
(1931, 1, 10.775307, 106.698409, 30.44, '2025-11-12 08:11:32'),
(1932, 2, 10.783719, 106.710557, 33.03, '2025-11-12 08:11:32'),
(1933, 3, 10.787932, 106.715734, 48.31, '2025-11-12 08:11:32'),
(1934, 1, 10.775519, 106.698730, 30.44, '2025-11-12 08:11:37'),
(1935, 2, 10.783983, 106.710881, 33.03, '2025-11-12 08:11:37'),
(1936, 3, 10.787890, 106.715678, 48.31, '2025-11-12 08:11:37'),
(1937, 1, 10.775731, 106.699052, 30.44, '2025-11-12 08:11:42'),
(1938, 2, 10.784246, 106.711204, 33.03, '2025-11-12 08:11:42'),
(1939, 3, 10.787505, 106.715205, 48.31, '2025-11-12 08:11:42'),
(1940, 1, 10.775943, 106.699373, 30.44, '2025-11-12 08:11:47'),
(1941, 2, 10.784509, 106.711527, 33.03, '2025-11-12 08:11:47'),
(1942, 3, 10.787120, 106.714732, 48.31, '2025-11-12 08:11:47'),
(1943, 1, 10.776155, 106.699694, 30.44, '2025-11-12 08:11:52'),
(1944, 2, 10.784773, 106.711850, 33.03, '2025-11-12 08:11:52'),
(1945, 3, 10.786735, 106.714259, 48.31, '2025-11-12 08:11:52'),
(1946, 1, 10.776367, 106.700015, 30.44, '2025-11-12 08:11:57'),
(1947, 2, 10.785036, 106.712174, 33.03, '2025-11-12 08:11:57'),
(1948, 3, 10.786349, 106.713786, 48.31, '2025-11-12 08:11:57'),
(1949, 1, 10.776579, 106.700336, 30.44, '2025-11-12 08:12:02'),
(1950, 2, 10.785299, 106.712497, 33.03, '2025-11-12 08:12:02'),
(1951, 3, 10.785964, 106.713314, 48.31, '2025-11-12 08:12:02'),
(1952, 1, 10.776791, 106.700658, 30.44, '2025-11-12 08:12:07'),
(1953, 2, 10.785563, 106.712820, 33.03, '2025-11-12 08:12:07'),
(1954, 3, 10.785579, 106.712841, 48.31, '2025-11-12 08:12:07'),
(1955, 1, 10.776889, 106.700806, 30.44, '2025-11-12 08:12:12'),
(1956, 2, 10.785826, 106.713144, 33.03, '2025-11-12 08:12:12'),
(1957, 3, 10.785194, 106.712368, 48.31, '2025-11-12 08:12:12'),
(1958, 1, 10.776889, 106.700806, 30.44, '2025-11-12 08:12:17'),
(1959, 2, 10.786089, 106.713467, 33.03, '2025-11-12 08:12:17'),
(1960, 3, 10.784809, 106.711895, 48.31, '2025-11-12 08:12:17'),
(1961, 1, 10.777118, 106.701115, 30.44, '2025-11-12 08:12:22'),
(1962, 2, 10.786352, 106.713790, 33.03, '2025-11-12 08:12:22'),
(1963, 3, 10.784424, 106.711422, 48.31, '2025-11-12 08:12:22'),
(1964, 1, 10.777347, 106.701424, 30.44, '2025-11-12 08:12:27'),
(1965, 2, 10.786616, 106.714113, 33.03, '2025-11-12 08:12:27'),
(1966, 3, 10.784039, 106.710949, 48.31, '2025-11-12 08:12:27'),
(1967, 1, 10.777576, 106.701732, 30.44, '2025-11-12 08:12:32'),
(1968, 2, 10.786879, 106.714437, 33.03, '2025-11-12 08:12:32'),
(1969, 3, 10.783653, 106.710476, 48.31, '2025-11-12 08:12:32'),
(1970, 1, 10.777805, 106.702041, 30.44, '2025-11-12 08:12:37'),
(1971, 2, 10.787142, 106.714760, 33.03, '2025-11-12 08:12:37'),
(1972, 3, 10.783456, 106.710234, 48.31, '2025-11-12 08:12:37'),
(1973, 1, 10.778034, 106.702350, 30.44, '2025-11-12 08:12:42'),
(1974, 2, 10.787406, 106.715083, 33.03, '2025-11-12 08:12:42'),
(1975, 3, 10.783456, 106.710234, 48.31, '2025-11-12 08:12:42'),
(1976, 1, 10.778263, 106.702659, 30.44, '2025-11-12 08:12:47'),
(1977, 2, 10.787669, 106.715407, 33.03, '2025-11-12 08:12:47'),
(1978, 3, 10.783119, 106.709724, 48.31, '2025-11-12 08:12:47'),
(1979, 1, 10.778493, 106.702968, 30.44, '2025-11-12 08:12:52'),
(1980, 2, 10.787890, 106.715678, 33.03, '2025-11-12 08:12:52'),
(1981, 3, 10.782783, 106.709214, 48.31, '2025-11-12 08:12:52'),
(1982, 1, 10.778722, 106.703277, 30.44, '2025-11-12 08:12:57'),
(1983, 2, 10.787890, 106.715678, 33.03, '2025-11-12 08:12:57'),
(1984, 3, 10.782446, 106.708705, 48.31, '2025-11-12 08:12:57'),
(1985, 1, 10.778951, 106.703585, 30.44, '2025-11-12 08:13:02'),
(1986, 2, 10.787627, 106.715355, 33.03, '2025-11-12 08:13:02'),
(1987, 3, 10.782109, 106.708195, 48.31, '2025-11-12 08:13:02'),
(1988, 1, 10.779180, 106.703894, 30.44, '2025-11-12 08:13:07'),
(1989, 2, 10.787363, 106.715031, 33.03, '2025-11-12 08:13:07'),
(1990, 3, 10.781773, 106.707685, 48.31, '2025-11-12 08:13:07'),
(1991, 1, 10.779409, 106.704203, 30.44, '2025-11-12 08:13:12'),
(1992, 2, 10.787100, 106.714708, 33.03, '2025-11-12 08:13:12'),
(1993, 3, 10.781436, 106.707175, 48.31, '2025-11-12 08:13:12'),
(1994, 1, 10.779638, 106.704512, 30.44, '2025-11-12 08:13:17'),
(1995, 2, 10.786837, 106.714385, 33.03, '2025-11-12 08:13:17'),
(1996, 3, 10.781100, 106.706665, 48.31, '2025-11-12 08:13:17'),
(1997, 1, 10.779867, 106.704821, 30.44, '2025-11-12 08:13:22'),
(1998, 2, 10.786573, 106.714062, 33.03, '2025-11-12 08:13:22'),
(1999, 3, 10.780763, 106.706156, 48.31, '2025-11-12 08:13:22'),
(2000, 1, 10.780000, 106.705000, 30.44, '2025-11-12 08:13:27'),
(2001, 2, 10.786310, 106.713738, 33.03, '2025-11-12 08:13:27'),
(2002, 3, 10.780426, 106.705646, 48.31, '2025-11-12 08:13:27'),
(2003, 1, 10.780000, 106.705000, 30.44, '2025-11-12 08:13:32'),
(2004, 2, 10.786047, 106.713415, 33.03, '2025-11-12 08:13:32'),
(2005, 3, 10.780090, 106.705136, 48.31, '2025-11-12 08:13:32'),
(2006, 1, 10.779771, 106.704691, 30.44, '2025-11-12 08:13:37'),
(2007, 2, 10.785784, 106.713092, 33.03, '2025-11-12 08:13:37'),
(2008, 3, 10.780000, 106.705000, 48.31, '2025-11-12 08:13:37'),
(2009, 1, 10.779542, 106.704382, 30.44, '2025-11-12 08:13:42'),
(2010, 2, 10.785520, 106.712768, 33.03, '2025-11-12 08:13:42'),
(2011, 3, 10.780000, 106.705000, 48.31, '2025-11-12 08:13:42'),
(2012, 1, 10.779313, 106.704074, 30.44, '2025-11-12 08:13:47'),
(2013, 2, 10.785257, 106.712445, 33.03, '2025-11-12 08:13:47'),
(2014, 3, 10.780337, 106.705510, 48.31, '2025-11-12 08:13:47'),
(2015, 1, 10.779084, 106.703765, 30.44, '2025-11-12 08:13:52'),
(2016, 2, 10.784994, 106.712122, 33.03, '2025-11-12 08:13:52'),
(2017, 3, 10.780673, 106.706020, 48.31, '2025-11-12 08:13:52'),
(2018, 1, 10.778855, 106.703456, 30.44, '2025-11-12 08:13:57'),
(2019, 2, 10.784730, 106.711799, 33.03, '2025-11-12 08:13:57'),
(2020, 3, 10.781010, 106.706529, 48.31, '2025-11-12 08:13:57'),
(2021, 1, 10.778626, 106.703147, 30.44, '2025-11-12 08:14:02'),
(2022, 2, 10.784467, 106.711475, 33.03, '2025-11-12 08:14:02'),
(2023, 3, 10.781347, 106.707039, 48.31, '2025-11-12 08:14:02'),
(2024, 1, 10.778396, 106.702838, 30.44, '2025-11-12 08:14:07'),
(2025, 2, 10.784204, 106.711152, 33.03, '2025-11-12 08:14:07'),
(2026, 3, 10.781683, 106.707549, 48.31, '2025-11-12 08:14:07'),
(2027, 1, 10.778167, 106.702529, 30.44, '2025-11-12 08:14:12'),
(2028, 2, 10.783940, 106.710829, 33.03, '2025-11-12 08:14:12'),
(2029, 3, 10.782020, 106.708059, 48.31, '2025-11-12 08:14:12'),
(2030, 1, 10.777938, 106.702221, 30.44, '2025-11-12 08:14:17'),
(2031, 2, 10.783677, 106.710505, 33.03, '2025-11-12 08:14:17'),
(2032, 3, 10.782356, 106.708569, 48.31, '2025-11-12 08:14:17'),
(2033, 1, 10.777709, 106.701912, 30.44, '2025-11-12 08:14:22'),
(2034, 2, 10.783456, 106.710234, 33.03, '2025-11-12 08:14:22'),
(2035, 3, 10.782693, 106.709078, 48.31, '2025-11-12 08:14:22'),
(2036, 1, 10.777480, 106.701603, 30.44, '2025-11-12 08:14:27'),
(2037, 2, 10.783456, 106.710234, 33.03, '2025-11-12 08:14:27'),
(2038, 3, 10.783030, 106.709588, 48.31, '2025-11-12 08:14:27'),
(2039, 1, 10.777251, 106.701294, 30.44, '2025-11-12 08:14:32'),
(2040, 2, 10.783226, 106.709885, 33.03, '2025-11-12 08:14:32'),
(2041, 3, 10.783366, 106.710098, 48.31, '2025-11-12 08:14:32'),
(2042, 1, 10.777022, 106.700985, 30.44, '2025-11-12 08:14:37'),
(2043, 2, 10.782996, 106.709537, 33.03, '2025-11-12 08:14:37'),
(2044, 3, 10.783456, 106.710234, 48.31, '2025-11-12 08:14:38'),
(2045, 1, 10.776889, 106.700806, 30.44, '2025-11-12 08:14:42'),
(2046, 2, 10.782766, 106.709188, 33.03, '2025-11-12 08:14:43'),
(2047, 3, 10.783456, 106.710234, 48.31, '2025-11-12 08:14:43'),
(2048, 1, 10.776889, 106.700806, 30.44, '2025-11-12 08:14:47'),
(2049, 2, 10.782535, 106.708840, 33.03, '2025-11-12 08:14:47'),
(2050, 3, 10.783841, 106.710707, 48.31, '2025-11-12 08:14:47'),
(2051, 1, 10.776677, 106.700485, 30.44, '2025-11-12 08:14:52'),
(2052, 2, 10.782305, 106.708491, 33.03, '2025-11-12 08:14:53'),
(2053, 3, 10.784226, 106.711180, 48.31, '2025-11-12 08:14:53'),
(2054, 1, 10.776465, 106.700164, 30.44, '2025-11-12 08:14:57'),
(2055, 2, 10.782075, 106.708143, 33.03, '2025-11-12 08:14:58'),
(2056, 3, 10.784611, 106.711653, 48.31, '2025-11-12 08:14:58'),
(2057, 1, 10.776253, 106.699842, 30.44, '2025-11-12 08:15:03'),
(2058, 2, 10.781845, 106.707794, 33.03, '2025-11-12 08:15:03'),
(2059, 3, 10.784997, 106.712126, 48.31, '2025-11-12 08:15:03'),
(2060, 1, 10.776041, 106.699521, 30.44, '2025-11-12 08:15:08'),
(2061, 2, 10.781615, 106.707446, 33.03, '2025-11-12 08:15:08'),
(2062, 3, 10.785382, 106.712598, 48.31, '2025-11-12 08:15:08'),
(2063, 1, 10.775829, 106.699200, 30.44, '2025-11-12 08:15:13'),
(2064, 2, 10.781385, 106.707097, 33.03, '2025-11-12 08:15:13'),
(2065, 3, 10.785767, 106.713071, 48.31, '2025-11-12 08:15:13'),
(2066, 1, 10.775617, 106.698879, 30.44, '2025-11-12 08:15:18'),
(2067, 2, 10.781155, 106.706749, 33.03, '2025-11-12 08:15:18'),
(2068, 3, 10.786152, 106.713544, 48.31, '2025-11-12 08:15:18'),
(2069, 1, 10.775405, 106.698558, 30.44, '2025-11-12 08:15:23'),
(2070, 2, 10.780924, 106.706400, 33.03, '2025-11-12 08:15:23'),
(2071, 3, 10.786537, 106.714017, 48.31, '2025-11-12 08:15:23'),
(2072, 1, 10.775193, 106.698237, 30.44, '2025-11-12 08:15:28'),
(2073, 2, 10.780694, 106.706052, 33.03, '2025-11-12 08:15:28'),
(2074, 3, 10.786922, 106.714490, 48.31, '2025-11-12 08:15:28'),
(2075, 1, 10.774981, 106.697915, 30.44, '2025-11-12 08:15:33'),
(2076, 2, 10.780464, 106.705703, 33.03, '2025-11-12 08:15:33'),
(2077, 3, 10.787308, 106.714963, 48.31, '2025-11-12 08:15:33'),
(2078, 1, 10.774768, 106.697594, 30.44, '2025-11-12 08:15:38'),
(2079, 2, 10.780234, 106.705354, 33.03, '2025-11-12 08:15:38'),
(2080, 3, 10.787693, 106.715436, 48.31, '2025-11-12 08:15:38'),
(2081, 1, 10.774556, 106.697273, 30.44, '2025-11-12 08:15:43'),
(2082, 2, 10.780004, 106.705006, 33.03, '2025-11-12 08:15:43'),
(2083, 3, 10.787890, 106.715678, 48.31, '2025-11-12 08:15:43'),
(2084, 1, 10.774344, 106.696952, 30.44, '2025-11-12 08:15:48'),
(2085, 2, 10.780000, 106.705000, 33.03, '2025-11-12 08:15:48'),
(2086, 3, 10.787890, 106.715678, 48.31, '2025-11-12 08:15:48'),
(2087, 1, 10.774132, 106.696631, 30.44, '2025-11-12 08:15:53'),
(2088, 2, 10.779751, 106.704665, 33.03, '2025-11-12 08:15:53'),
(2089, 3, 10.788257, 106.716166, 48.31, '2025-11-12 08:15:53'),
(2090, 1, 10.773920, 106.696310, 30.44, '2025-11-12 08:15:58'),
(2091, 2, 10.779503, 106.704330, 33.03, '2025-11-12 08:15:58'),
(2092, 3, 10.788624, 106.716653, 48.31, '2025-11-12 08:15:58'),
(2093, 1, 10.773708, 106.695988, 30.44, '2025-11-12 08:16:03'),
(2094, 2, 10.779254, 106.703995, 33.03, '2025-11-12 08:16:03'),
(2095, 3, 10.788991, 106.717141, 48.31, '2025-11-12 08:16:03'),
(2096, 1, 10.773496, 106.695667, 30.44, '2025-11-12 08:16:08'),
(2097, 2, 10.779006, 106.703659, 33.03, '2025-11-12 08:16:08'),
(2098, 3, 10.789358, 106.717629, 48.31, '2025-11-12 08:16:08'),
(2099, 1, 10.773778, 106.696095, 40.54, '2025-11-12 08:21:59'),
(2100, 2, 10.779236, 106.703999, 32.46, '2025-11-12 08:21:59'),
(2101, 3, 10.789728, 106.718121, 48.72, '2025-11-12 08:21:59'),
(2102, 1, 10.774061, 106.696523, 40.54, '2025-11-12 08:22:04'),
(2103, 2, 10.779466, 106.704339, 32.46, '2025-11-12 08:22:04'),
(2104, 3, 10.790098, 106.718613, 48.72, '2025-11-12 08:22:04'),
(2105, 1, 10.774343, 106.696951, 40.54, '2025-11-12 08:22:09'),
(2106, 2, 10.779696, 106.704679, 32.46, '2025-11-12 08:22:09'),
(2107, 3, 10.790468, 106.719105, 48.72, '2025-11-12 08:22:09'),
(2108, 1, 10.774626, 106.697378, 40.54, '2025-11-12 08:22:14'),
(2109, 2, 10.779926, 106.705019, 32.46, '2025-11-12 08:22:14'),
(2110, 3, 10.790838, 106.719597, 48.72, '2025-11-12 08:22:14'),
(2111, 1, 10.774908, 106.697806, 40.54, '2025-11-12 08:22:19'),
(2112, 2, 10.780156, 106.705359, 32.46, '2025-11-12 08:22:19'),
(2113, 3, 10.791208, 106.720089, 48.72, '2025-11-12 08:22:19'),
(2114, 1, 10.775191, 106.698234, 40.54, '2025-11-12 08:22:24'),
(2115, 2, 10.780386, 106.705698, 32.46, '2025-11-12 08:22:24'),
(2116, 3, 10.791234, 106.720123, 48.72, '2025-11-12 08:22:24'),
(2117, 1, 10.775473, 106.698662, 40.54, '2025-11-12 08:22:29'),
(2118, 2, 10.780616, 106.706038, 32.46, '2025-11-12 08:22:29'),
(2119, 3, 10.791623, 106.720600, 48.72, '2025-11-12 08:22:29'),
(2120, 1, 10.775756, 106.699090, 40.54, '2025-11-12 08:22:34'),
(2121, 2, 10.780846, 106.706378, 32.46, '2025-11-12 08:22:34'),
(2122, 3, 10.792012, 106.721076, 48.72, '2025-11-12 08:22:34'),
(2123, 1, 10.776038, 106.699518, 40.54, '2025-11-12 08:22:39'),
(2124, 2, 10.781076, 106.706718, 32.46, '2025-11-12 08:22:39'),
(2125, 3, 10.792401, 106.721553, 48.72, '2025-11-12 08:22:39'),
(2126, 1, 10.776321, 106.699946, 40.54, '2025-11-12 08:22:44'),
(2127, 2, 10.781307, 106.707058, 32.46, '2025-11-12 08:22:44'),
(2128, 3, 10.792790, 106.722029, 48.72, '2025-11-12 08:22:44'),
(2129, 1, 10.776603, 106.700373, 40.54, '2025-11-12 08:22:49'),
(2130, 2, 10.781537, 106.707398, 32.46, '2025-11-12 08:22:49'),
(2131, 3, 10.793179, 106.722506, 48.72, '2025-11-12 08:22:49'),
(2132, 1, 10.776886, 106.700801, 40.54, '2025-11-12 08:22:54'),
(2133, 2, 10.781767, 106.707738, 32.46, '2025-11-12 08:22:54'),
(2134, 3, 10.793568, 106.722982, 48.72, '2025-11-12 08:22:54'),
(2135, 1, 10.776889, 106.700806, 40.54, '2025-11-12 08:22:59'),
(2136, 2, 10.781997, 106.708078, 32.46, '2025-11-12 08:22:59'),
(2137, 3, 10.793957, 106.723459, 48.72, '2025-11-12 08:22:59'),
(2138, 1, 10.777194, 106.701217, 40.54, '2025-11-12 08:23:04'),
(2139, 2, 10.782227, 106.708418, 32.46, '2025-11-12 08:23:04'),
(2140, 3, 10.794346, 106.723935, 48.72, '2025-11-12 08:23:04'),
(2141, 1, 10.777499, 106.701629, 40.54, '2025-11-12 08:23:09'),
(2142, 2, 10.782457, 106.708758, 32.46, '2025-11-12 08:23:09'),
(2143, 3, 10.794735, 106.724412, 48.72, '2025-11-12 08:23:09'),
(2144, 1, 10.777805, 106.702040, 40.54, '2025-11-12 08:23:14'),
(2145, 2, 10.782687, 106.709097, 32.46, '2025-11-12 08:23:14'),
(2146, 3, 10.795124, 106.724888, 48.72, '2025-11-12 08:23:14'),
(2147, 1, 10.778110, 106.702452, 40.54, '2025-11-12 08:23:19'),
(2148, 2, 10.782917, 106.709437, 32.46, '2025-11-12 08:23:19'),
(2149, 3, 10.795513, 106.725365, 48.72, '2025-11-12 08:23:19'),
(2150, 1, 10.778415, 106.702863, 40.54, '2025-11-12 08:23:24'),
(2151, 2, 10.783147, 106.709777, 32.46, '2025-11-12 08:23:24'),
(2152, 3, 10.795678, 106.725567, 48.72, '2025-11-12 08:23:24'),
(2153, 1, 10.778720, 106.703274, 40.54, '2025-11-12 08:23:29'),
(2154, 2, 10.783377, 106.710117, 32.46, '2025-11-12 08:23:29'),
(2155, 3, 10.795678, 106.725567, 48.72, '2025-11-12 08:23:30'),
(2156, 1, 10.779025, 106.703686, 40.54, '2025-11-12 08:23:34'),
(2157, 2, 10.783456, 106.710234, 32.46, '2025-11-12 08:23:35'),
(2158, 3, 10.795289, 106.725090, 48.72, '2025-11-12 08:23:35'),
(2159, 1, 10.779330, 106.704097, 40.54, '2025-11-12 08:23:40'),
(2160, 2, 10.783456, 106.710234, 32.46, '2025-11-12 08:23:40'),
(2161, 3, 10.794900, 106.724614, 48.72, '2025-11-12 08:23:40'),
(2162, 1, 10.779636, 106.704509, 40.54, '2025-11-12 08:23:45'),
(2163, 2, 10.783715, 106.710552, 32.46, '2025-11-12 08:23:45'),
(2164, 3, 10.794511, 106.724137, 48.72, '2025-11-12 08:23:45'),
(2165, 1, 10.779941, 106.704920, 40.54, '2025-11-12 08:23:50'),
(2166, 2, 10.783974, 106.710870, 32.46, '2025-11-12 08:23:50'),
(2167, 3, 10.794122, 106.723661, 48.72, '2025-11-12 08:23:50'),
(2168, 1, 10.780000, 106.705000, 40.54, '2025-11-12 08:23:55'),
(2169, 2, 10.784232, 106.711187, 32.46, '2025-11-12 08:23:55'),
(2170, 3, 10.793733, 106.723184, 48.72, '2025-11-12 08:23:55'),
(2171, 1, 10.780000, 106.705000, 40.54, '2025-11-12 08:24:00'),
(2172, 2, 10.784491, 106.711505, 32.46, '2025-11-12 08:24:00'),
(2173, 3, 10.793344, 106.722708, 48.72, '2025-11-12 08:24:00'),
(2174, 1, 10.779695, 106.704589, 40.54, '2025-11-12 08:24:05'),
(2175, 2, 10.784750, 106.711823, 32.46, '2025-11-12 08:24:05'),
(2176, 3, 10.792955, 106.722231, 48.72, '2025-11-12 08:24:05'),
(2177, 1, 10.779390, 106.704177, 40.54, '2025-11-12 08:24:10'),
(2178, 2, 10.785009, 106.712141, 32.46, '2025-11-12 08:24:10'),
(2179, 3, 10.792566, 106.721755, 48.72, '2025-11-12 08:24:10'),
(2180, 1, 10.779084, 106.703766, 40.54, '2025-11-12 08:24:15'),
(2181, 2, 10.785268, 106.712458, 32.46, '2025-11-12 08:24:15'),
(2182, 3, 10.792177, 106.721278, 48.72, '2025-11-12 08:24:15'),
(2183, 1, 10.778779, 106.703354, 40.54, '2025-11-12 08:24:20'),
(2184, 2, 10.785526, 106.712776, 32.46, '2025-11-12 08:24:20'),
(2185, 3, 10.791788, 106.720802, 48.72, '2025-11-12 08:24:20'),
(2186, 1, 10.778474, 106.702943, 40.54, '2025-11-12 08:24:25'),
(2187, 2, 10.785785, 106.713094, 32.46, '2025-11-12 08:24:25'),
(2188, 3, 10.791399, 106.720325, 48.72, '2025-11-12 08:24:25'),
(2189, 1, 10.778169, 106.702532, 40.54, '2025-11-12 08:24:30'),
(2190, 2, 10.786044, 106.713412, 32.46, '2025-11-12 08:24:30'),
(2191, 3, 10.791234, 106.720123, 48.72, '2025-11-12 08:24:30'),
(2192, 1, 10.777864, 106.702120, 40.54, '2025-11-12 08:24:35'),
(2193, 2, 10.786303, 106.713729, 32.46, '2025-11-12 08:24:35'),
(2194, 3, 10.791234, 106.720123, 48.72, '2025-11-12 08:24:35'),
(2195, 1, 10.777559, 106.701709, 40.54, '2025-11-12 08:24:40'),
(2196, 2, 10.786562, 106.714047, 32.46, '2025-11-12 08:24:40'),
(2197, 3, 10.790864, 106.719631, 48.72, '2025-11-12 08:24:40'),
(2198, 1, 10.777253, 106.701297, 40.54, '2025-11-12 08:24:45'),
(2199, 2, 10.786820, 106.714365, 32.46, '2025-11-12 08:24:45'),
(2200, 3, 10.790494, 106.719139, 48.72, '2025-11-12 08:24:45'),
(2201, 1, 10.776948, 106.700886, 40.54, '2025-11-12 08:24:50'),
(2202, 2, 10.787079, 106.714683, 32.46, '2025-11-12 08:24:50'),
(2203, 3, 10.790124, 106.718647, 48.72, '2025-11-12 08:24:50'),
(2204, 1, 10.776889, 106.700806, 40.54, '2025-11-12 08:24:55'),
(2205, 2, 10.787338, 106.715000, 32.46, '2025-11-12 08:24:55'),
(2206, 3, 10.789754, 106.718155, 48.72, '2025-11-12 08:24:55'),
(2207, 1, 10.776889, 106.700806, 40.54, '2025-11-12 08:25:00'),
(2208, 2, 10.787597, 106.715318, 32.46, '2025-11-12 08:25:00'),
(2209, 3, 10.789384, 106.717664, 48.72, '2025-11-12 08:25:00'),
(2210, 1, 10.776607, 106.700378, 40.54, '2025-11-12 08:25:05'),
(2211, 2, 10.787856, 106.715636, 32.46, '2025-11-12 08:25:05'),
(2212, 3, 10.789014, 106.717172, 48.72, '2025-11-12 08:25:05'),
(2213, 1, 10.776324, 106.699950, 40.54, '2025-11-12 08:25:10'),
(2214, 2, 10.787890, 106.715678, 32.46, '2025-11-12 08:25:10'),
(2215, 3, 10.788644, 106.716680, 48.72, '2025-11-12 08:25:10'),
(2216, 1, 10.776042, 106.699522, 40.54, '2025-11-12 08:25:15'),
(2217, 2, 10.787631, 106.715360, 32.46, '2025-11-12 08:25:15'),
(2218, 3, 10.788274, 106.716188, 48.72, '2025-11-12 08:25:15'),
(2219, 1, 10.775759, 106.699095, 40.54, '2025-11-12 08:25:20'),
(2220, 2, 10.787372, 106.715042, 32.46, '2025-11-12 08:25:20'),
(2221, 3, 10.787904, 106.715696, 48.72, '2025-11-12 08:25:20'),
(2222, 1, 10.775477, 106.698667, 40.54, '2025-11-12 08:25:25'),
(2223, 2, 10.787114, 106.714725, 32.46, '2025-11-12 08:25:25'),
(2224, 3, 10.787890, 106.715678, 48.72, '2025-11-12 08:25:25'),
(2225, 1, 10.775194, 106.698239, 40.54, '2025-11-12 08:25:30'),
(2226, 2, 10.786855, 106.714407, 32.46, '2025-11-12 08:25:30'),
(2227, 3, 10.787502, 106.715201, 48.72, '2025-11-12 08:25:30'),
(2228, 1, 10.774912, 106.697811, 40.54, '2025-11-12 08:25:35'),
(2229, 2, 10.786596, 106.714089, 32.46, '2025-11-12 08:25:35'),
(2230, 3, 10.787113, 106.714724, 48.72, '2025-11-12 08:25:35'),
(2231, 1, 10.774629, 106.697383, 40.54, '2025-11-12 08:25:40'),
(2232, 2, 10.786337, 106.713771, 32.46, '2025-11-12 08:25:40'),
(2233, 3, 10.786725, 106.714247, 48.72, '2025-11-12 08:25:40'),
(2234, 1, 10.774347, 106.696955, 40.54, '2025-11-12 08:25:45'),
(2235, 2, 10.786078, 106.713454, 32.46, '2025-11-12 08:25:45'),
(2236, 3, 10.786336, 106.713770, 48.72, '2025-11-12 08:25:45'),
(2237, 1, 10.774064, 106.696527, 40.54, '2025-11-12 08:25:50'),
(2238, 2, 10.785820, 106.713136, 32.46, '2025-11-12 08:25:50'),
(2239, 3, 10.785948, 106.713293, 48.72, '2025-11-12 08:25:50'),
(2240, 1, 10.773782, 106.696100, 40.54, '2025-11-12 08:25:55'),
(2241, 2, 10.785561, 106.712818, 32.46, '2025-11-12 08:25:55'),
(2242, 3, 10.785559, 106.712816, 48.72, '2025-11-12 08:25:55'),
(2243, 1, 10.773499, 106.695672, 40.54, '2025-11-12 08:26:00'),
(2244, 2, 10.785302, 106.712500, 32.46, '2025-11-12 08:26:00'),
(2245, 3, 10.785171, 106.712339, 48.72, '2025-11-12 08:26:00'),
(2246, 1, 10.773217, 106.695244, 40.54, '2025-11-12 08:26:05'),
(2247, 2, 10.785043, 106.712183, 32.46, '2025-11-12 08:26:05'),
(2248, 3, 10.784782, 106.711863, 48.72, '2025-11-12 08:26:05'),
(2249, 1, 10.772934, 106.694816, 40.54, '2025-11-12 08:26:10'),
(2250, 2, 10.784784, 106.711865, 32.46, '2025-11-12 08:26:10'),
(2251, 3, 10.784394, 106.711386, 48.72, '2025-11-12 08:26:10'),
(2252, 1, 10.772652, 106.694388, 40.54, '2025-11-12 08:26:15'),
(2253, 2, 10.784526, 106.711547, 32.46, '2025-11-12 08:26:15'),
(2254, 3, 10.784005, 106.710909, 48.72, '2025-11-12 08:26:15'),
(2255, 1, 10.772369, 106.693960, 40.54, '2025-11-12 08:26:20'),
(2256, 2, 10.784267, 106.711229, 32.46, '2025-11-12 08:26:20'),
(2257, 3, 10.783617, 106.710432, 48.72, '2025-11-12 08:26:20'),
(2258, 1, 10.772087, 106.693532, 40.54, '2025-11-12 08:26:25'),
(2259, 2, 10.784008, 106.710912, 32.46, '2025-11-12 08:26:25'),
(2260, 3, 10.783456, 106.710234, 48.72, '2025-11-12 08:26:25'),
(2261, 1, 10.771804, 106.693105, 40.54, '2025-11-12 08:26:30'),
(2262, 2, 10.783749, 106.710594, 32.46, '2025-11-12 08:26:30'),
(2263, 3, 10.783456, 106.710234, 48.72, '2025-11-12 08:26:30'),
(2264, 1, 10.771522, 106.692677, 40.54, '2025-11-12 08:26:35'),
(2265, 2, 10.783490, 106.710276, 32.46, '2025-11-12 08:26:35'),
(2266, 3, 10.783116, 106.709720, 48.72, '2025-11-12 08:26:35'),
(2267, 1, 10.771239, 106.692249, 40.54, '2025-11-12 08:26:40'),
(2268, 2, 10.783456, 106.710234, 32.46, '2025-11-12 08:26:40'),
(2269, 3, 10.782777, 106.709206, 48.72, '2025-11-12 08:26:40'),
(2270, 1, 10.771135, 106.692091, 40.54, '2025-11-12 08:26:45'),
(2271, 2, 10.783230, 106.709891, 32.46, '2025-11-12 08:26:45'),
(2272, 3, 10.782437, 106.708691, 48.72, '2025-11-12 08:26:45'),
(2273, 1, 10.771135, 106.692091, 40.54, '2025-11-12 08:26:50'),
(2274, 2, 10.783004, 106.709549, 32.46, '2025-11-12 08:26:50'),
(2275, 3, 10.782098, 106.708177, 48.72, '2025-11-12 08:26:50'),
(2276, 1, 10.770965, 106.691606, 40.54, '2025-11-12 08:26:55'),
(2277, 2, 10.782777, 106.709206, 32.46, '2025-11-12 08:26:55'),
(2278, 3, 10.781758, 106.707663, 48.72, '2025-11-12 08:26:55'),
(2279, 1, 10.770794, 106.691120, 40.54, '2025-11-12 08:27:00'),
(2280, 2, 10.782551, 106.708864, 32.46, '2025-11-12 08:27:00'),
(2281, 3, 10.781419, 106.707149, 48.72, '2025-11-12 08:27:00'),
(2282, 1, 10.770624, 106.690635, 40.54, '2025-11-12 08:27:05'),
(2283, 2, 10.782325, 106.708521, 32.46, '2025-11-12 08:27:05'),
(2284, 3, 10.781079, 106.706635, 48.72, '2025-11-12 08:27:05'),
(2285, 1, 10.770454, 106.690149, 40.54, '2025-11-12 08:27:10'),
(2286, 2, 10.782099, 106.708179, 32.46, '2025-11-12 08:27:10'),
(2287, 3, 10.780740, 106.706121, 48.72, '2025-11-12 08:27:10'),
(2288, 1, 10.770283, 106.689664, 40.54, '2025-11-12 08:27:15'),
(2289, 2, 10.781873, 106.707836, 32.46, '2025-11-12 08:27:15'),
(2290, 3, 10.780400, 106.705606, 48.72, '2025-11-12 08:27:15'),
(2291, 1, 10.770113, 106.689178, 40.54, '2025-11-12 08:27:20'),
(2292, 2, 10.781646, 106.707493, 32.46, '2025-11-12 08:27:20'),
(2293, 3, 10.780061, 106.705092, 48.72, '2025-11-12 08:27:20'),
(2294, 1, 10.769943, 106.688693, 40.54, '2025-11-12 08:27:25'),
(2295, 2, 10.781420, 106.707151, 32.46, '2025-11-12 08:27:25'),
(2296, 3, 10.780000, 106.705000, 48.72, '2025-11-12 08:27:25'),
(2297, 1, 10.769772, 106.688207, 40.54, '2025-11-12 08:27:30'),
(2298, 2, 10.781194, 106.706808, 32.46, '2025-11-12 08:27:30'),
(2299, 3, 10.780000, 106.705000, 48.72, '2025-11-12 08:27:30'),
(2300, 1, 10.769602, 106.687722, 40.54, '2025-11-12 08:27:35'),
(2301, 2, 10.780968, 106.706466, 32.46, '2025-11-12 08:27:35'),
(2302, 3, 10.780340, 106.705514, 48.72, '2025-11-12 08:27:35'),
(2303, 1, 10.769432, 106.687236, 40.54, '2025-11-12 08:27:40'),
(2304, 2, 10.780742, 106.706123, 32.46, '2025-11-12 08:27:40'),
(2305, 3, 10.780679, 106.706028, 48.72, '2025-11-12 08:27:40'),
(2306, 1, 10.769262, 106.686751, 40.54, '2025-11-12 08:27:45'),
(2307, 2, 10.780515, 106.705781, 32.46, '2025-11-12 08:27:45'),
(2308, 3, 10.781019, 106.706543, 48.72, '2025-11-12 08:27:45'),
(2309, 1, 10.769091, 106.686265, 40.54, '2025-11-12 08:27:50'),
(2310, 2, 10.780289, 106.705438, 32.46, '2025-11-12 08:27:50'),
(2311, 3, 10.781358, 106.707057, 48.72, '2025-11-12 08:27:50'),
(2312, 1, 10.768921, 106.685780, 40.54, '2025-11-12 08:27:55'),
(2313, 2, 10.780063, 106.705095, 32.46, '2025-11-12 08:27:55'),
(2314, 3, 10.781698, 106.707571, 48.72, '2025-11-12 08:27:55'),
(2315, 1, 10.768751, 106.685294, 40.54, '2025-11-12 08:28:00'),
(2316, 2, 10.780000, 106.705000, 32.46, '2025-11-12 08:28:00'),
(2317, 3, 10.782037, 106.708085, 48.72, '2025-11-12 08:28:00'),
(2318, 1, 10.768580, 106.684809, 40.54, '2025-11-12 08:28:05'),
(2319, 2, 10.780000, 106.705000, 32.46, '2025-11-12 08:28:05'),
(2320, 3, 10.782377, 106.708599, 48.72, '2025-11-12 08:28:05'),
(2321, 1, 10.768410, 106.684323, 40.54, '2025-11-12 08:28:10'),
(2322, 2, 10.779756, 106.704671, 32.46, '2025-11-12 08:28:10'),
(2323, 3, 10.782716, 106.709113, 48.72, '2025-11-12 08:28:10'),
(2324, 1, 10.768247, 106.683859, 40.54, '2025-11-12 08:28:15'),
(2325, 2, 10.779511, 106.704341, 32.46, '2025-11-12 08:28:15'),
(2326, 3, 10.783056, 106.709628, 48.72, '2025-11-12 08:28:15'),
(2327, 1, 10.768247, 106.683859, 40.54, '2025-11-12 08:28:20'),
(2328, 2, 10.779267, 106.704012, 32.46, '2025-11-12 08:28:20'),
(2329, 3, 10.783395, 106.710142, 48.72, '2025-11-12 08:28:20'),
(2330, 1, 10.767763, 106.683706, 40.54, '2025-11-12 08:28:25'),
(2331, 2, 10.779023, 106.703682, 32.46, '2025-11-12 08:28:25'),
(2332, 3, 10.783456, 106.710234, 48.72, '2025-11-12 08:28:25'),
(2333, 1, 10.767280, 106.683553, 40.54, '2025-11-12 08:28:30'),
(2334, 2, 10.778778, 106.703353, 32.46, '2025-11-12 08:28:30'),
(2335, 3, 10.783456, 106.710234, 48.72, '2025-11-12 08:28:30'),
(2336, 1, 10.766796, 106.683400, 40.54, '2025-11-12 08:28:35'),
(2337, 2, 10.778534, 106.703024, 32.46, '2025-11-12 08:28:35'),
(2338, 3, 10.783844, 106.710711, 48.72, '2025-11-12 08:28:35'),
(2339, 1, 10.766313, 106.683247, 40.54, '2025-11-12 08:28:40'),
(2340, 2, 10.778290, 106.702694, 32.46, '2025-11-12 08:28:40'),
(2341, 3, 10.784233, 106.711188, 48.72, '2025-11-12 08:28:40'),
(2342, 1, 10.765829, 106.683094, 40.54, '2025-11-12 08:28:45'),
(2343, 2, 10.778045, 106.702365, 32.46, '2025-11-12 08:28:45'),
(2344, 3, 10.784621, 106.711665, 48.72, '2025-11-12 08:28:45'),
(2345, 1, 10.765345, 106.682941, 40.54, '2025-11-12 08:28:50'),
(2346, 2, 10.777801, 106.702035, 32.46, '2025-11-12 08:28:50'),
(2347, 3, 10.785010, 106.712142, 48.72, '2025-11-12 08:28:50'),
(2348, 1, 10.764862, 106.682788, 40.54, '2025-11-12 08:28:55'),
(2349, 2, 10.777557, 106.701706, 32.46, '2025-11-12 08:28:55'),
(2350, 3, 10.785398, 106.712619, 48.72, '2025-11-12 08:28:55'),
(2351, 1, 10.765340, 106.682939, 40.09, '2025-11-12 08:29:43'),
(2352, 2, 10.777846, 106.702096, 38.41, '2025-11-12 08:29:43'),
(2353, 3, 10.785722, 106.713016, 40.57, '2025-11-12 08:29:43'),
(2354, 1, 10.765818, 106.683091, 40.09, '2025-11-12 08:29:48'),
(2355, 2, 10.778135, 106.702486, 38.41, '2025-11-12 08:29:49'),
(2356, 3, 10.786045, 106.713413, 40.57, '2025-11-12 08:29:49'),
(2357, 1, 10.766297, 106.683242, 40.09, '2025-11-12 08:29:53'),
(2358, 2, 10.778424, 106.702875, 38.41, '2025-11-12 08:29:54'),
(2359, 3, 10.786369, 106.713810, 40.57, '2025-11-12 08:29:54'),
(2360, 1, 10.766775, 106.683393, 40.09, '2025-11-12 08:29:58'),
(2361, 2, 10.778713, 106.703265, 38.41, '2025-11-12 08:29:59'),
(2362, 3, 10.786692, 106.714207, 40.57, '2025-11-12 08:29:59'),
(2363, 1, 10.767253, 106.683545, 40.09, '2025-11-12 08:30:03'),
(2364, 2, 10.779003, 106.703655, 38.41, '2025-11-12 08:30:04'),
(2365, 3, 10.787016, 106.714605, 40.57, '2025-11-12 08:30:04'),
(2366, 1, 10.767731, 106.683696, 40.09, '2025-11-12 08:30:08'),
(2367, 2, 10.779292, 106.704045, 38.41, '2025-11-12 08:30:09'),
(2368, 3, 10.787339, 106.715002, 40.57, '2025-11-12 08:30:09'),
(2369, 1, 10.768209, 106.683847, 40.09, '2025-11-12 08:30:14'),
(2370, 2, 10.779581, 106.704435, 38.41, '2025-11-12 08:30:14'),
(2371, 3, 10.787663, 106.715399, 40.57, '2025-11-12 08:30:14'),
(2372, 1, 10.768247, 106.683859, 40.09, '2025-11-12 08:30:19'),
(2373, 2, 10.779870, 106.704825, 38.41, '2025-11-12 08:30:19'),
(2374, 3, 10.787890, 106.715678, 40.57, '2025-11-12 08:30:19'),
(2375, 1, 10.768415, 106.684339, 40.09, '2025-11-12 08:30:24'),
(2376, 2, 10.780000, 106.705000, 38.41, '2025-11-12 08:30:24'),
(2377, 3, 10.787890, 106.715678, 40.57, '2025-11-12 08:30:24'),
(2378, 1, 10.768584, 106.684819, 40.09, '2025-11-12 08:30:29'),
(2379, 2, 10.780000, 106.705000, 38.41, '2025-11-12 08:30:29'),
(2380, 3, 10.788198, 106.716088, 40.57, '2025-11-12 08:30:29'),
(2381, 1, 10.768752, 106.685299, 40.09, '2025-11-12 08:30:34'),
(2382, 2, 10.780268, 106.705405, 38.41, '2025-11-12 08:30:34'),
(2383, 3, 10.788506, 106.716497, 40.57, '2025-11-12 08:30:34'),
(2384, 1, 10.768921, 106.685779, 40.09, '2025-11-12 08:30:39'),
(2385, 2, 10.780535, 106.705811, 38.41, '2025-11-12 08:30:39'),
(2386, 3, 10.788814, 106.716907, 40.57, '2025-11-12 08:30:39'),
(2387, 1, 10.769089, 106.686259, 40.09, '2025-11-12 08:30:44'),
(2388, 2, 10.780803, 106.706216, 38.41, '2025-11-12 08:30:44'),
(2389, 3, 10.789123, 106.717316, 40.57, '2025-11-12 08:30:44'),
(2390, 1, 10.769258, 106.686739, 40.09, '2025-11-12 08:30:49'),
(2391, 2, 10.781071, 106.706621, 38.41, '2025-11-12 08:30:49'),
(2392, 3, 10.789431, 106.717726, 40.57, '2025-11-12 08:30:49'),
(2393, 1, 10.769426, 106.687219, 40.09, '2025-11-12 08:30:54'),
(2394, 2, 10.781338, 106.707027, 38.41, '2025-11-12 08:30:54'),
(2395, 3, 10.789739, 106.718136, 40.57, '2025-11-12 08:30:54'),
(2396, 1, 10.769594, 106.687699, 40.09, '2025-11-12 08:30:59'),
(2397, 2, 10.781606, 106.707432, 38.41, '2025-11-12 08:30:59'),
(2398, 3, 10.790047, 106.718545, 40.57, '2025-11-12 08:30:59'),
(2399, 1, 10.769763, 106.688180, 40.09, '2025-11-12 08:31:04'),
(2400, 2, 10.781874, 106.707838, 38.41, '2025-11-12 08:31:04'),
(2401, 3, 10.790355, 106.718955, 40.57, '2025-11-12 08:31:04'),
(2402, 1, 10.769931, 106.688660, 40.09, '2025-11-12 08:31:09'),
(2403, 2, 10.782141, 106.708243, 38.41, '2025-11-12 08:31:09'),
(2404, 3, 10.790663, 106.719364, 40.57, '2025-11-12 08:31:09'),
(2405, 1, 10.770100, 106.689140, 40.09, '2025-11-12 08:31:14'),
(2406, 2, 10.782409, 106.708648, 38.41, '2025-11-12 08:31:14'),
(2407, 3, 10.790971, 106.719774, 40.57, '2025-11-12 08:31:14'),
(2408, 1, 10.770268, 106.689620, 40.09, '2025-11-12 08:31:19'),
(2409, 2, 10.782677, 106.709054, 38.41, '2025-11-12 08:31:19'),
(2410, 3, 10.791234, 106.720123, 40.57, '2025-11-12 08:31:19'),
(2411, 1, 10.770436, 106.690100, 40.09, '2025-11-12 08:31:24'),
(2412, 2, 10.782944, 106.709459, 38.41, '2025-11-12 08:31:24'),
(2413, 3, 10.791234, 106.720123, 40.57, '2025-11-12 08:31:24'),
(2414, 1, 10.770605, 106.690580, 40.09, '2025-11-12 08:31:29'),
(2415, 2, 10.783212, 106.709864, 38.41, '2025-11-12 08:31:29'),
(2416, 3, 10.791558, 106.720520, 40.57, '2025-11-12 08:31:29'),
(2417, 1, 10.770773, 106.691060, 40.09, '2025-11-12 08:31:34'),
(2418, 2, 10.783456, 106.710234, 38.41, '2025-11-12 08:31:34'),
(2419, 3, 10.791882, 106.720917, 40.57, '2025-11-12 08:31:34'),
(2420, 1, 10.770942, 106.691540, 40.09, '2025-11-12 08:31:39'),
(2421, 2, 10.783456, 106.710234, 38.41, '2025-11-12 08:31:39'),
(2422, 3, 10.792206, 106.721313, 40.57, '2025-11-12 08:31:39'),
(2423, 1, 10.771110, 106.692020, 40.09, '2025-11-12 08:31:44'),
(2424, 2, 10.783762, 106.710610, 38.41, '2025-11-12 08:31:44'),
(2425, 3, 10.792530, 106.721710, 40.57, '2025-11-12 08:31:44'),
(2426, 1, 10.771135, 106.692091, 40.09, '2025-11-12 08:31:49'),
(2427, 2, 10.784068, 106.710986, 38.41, '2025-11-12 08:31:49'),
(2428, 3, 10.792854, 106.722107, 40.57, '2025-11-12 08:31:49'),
(2429, 1, 10.771407, 106.692503, 39.03, '2025-11-12 08:32:43'),
(2430, 2, 10.784360, 106.711345, 36.69, '2025-11-12 08:32:43');
INSERT INTO `vitrixe` (`ma_vitri`, `ma_xe`, `vi_do`, `kinh_do`, `toc_do`, `thoi_gian`) VALUES
(2431, 3, 10.793141, 106.722459, 35.98, '2025-11-12 08:32:43'),
(2432, 1, 10.771679, 106.692915, 39.03, '2025-11-12 08:32:48'),
(2433, 2, 10.784653, 106.711704, 36.69, '2025-11-12 08:32:48'),
(2434, 3, 10.793428, 106.722811, 35.98, '2025-11-12 08:32:48'),
(2435, 1, 10.771951, 106.693327, 39.03, '2025-11-12 08:32:53'),
(2436, 2, 10.784945, 106.712063, 36.69, '2025-11-12 08:32:53'),
(2437, 3, 10.793716, 106.723163, 35.98, '2025-11-12 08:32:53'),
(2438, 1, 10.772223, 106.693739, 39.03, '2025-11-12 08:32:58'),
(2439, 2, 10.785238, 106.712422, 36.69, '2025-11-12 08:32:58'),
(2440, 3, 10.794003, 106.723514, 35.98, '2025-11-12 08:32:58'),
(2441, 1, 10.772495, 106.694150, 39.03, '2025-11-12 08:33:03'),
(2442, 2, 10.785530, 106.712781, 36.69, '2025-11-12 08:33:03'),
(2443, 3, 10.794290, 106.723866, 35.98, '2025-11-12 08:33:03'),
(2444, 1, 10.772767, 106.694562, 39.03, '2025-11-12 08:33:08'),
(2445, 2, 10.785823, 106.713140, 36.69, '2025-11-12 08:33:08'),
(2446, 3, 10.794577, 106.724218, 35.98, '2025-11-12 08:33:08'),
(2447, 1, 10.773039, 106.694974, 39.03, '2025-11-12 08:33:13'),
(2448, 2, 10.786115, 106.713499, 36.69, '2025-11-12 08:33:13'),
(2449, 3, 10.794864, 106.724570, 35.98, '2025-11-12 08:33:13'),
(2450, 1, 10.773311, 106.695386, 39.03, '2025-11-12 08:33:18'),
(2451, 2, 10.786408, 106.713859, 36.69, '2025-11-12 08:33:18'),
(2452, 3, 10.795151, 106.724922, 35.98, '2025-11-12 08:33:18'),
(2453, 1, 10.773583, 106.695798, 39.03, '2025-11-12 08:33:23'),
(2454, 2, 10.786700, 106.714218, 36.69, '2025-11-12 08:33:23'),
(2455, 3, 10.795439, 106.725274, 35.98, '2025-11-12 08:33:23'),
(2456, 1, 10.773855, 106.696210, 39.03, '2025-11-12 08:33:28'),
(2457, 2, 10.786993, 106.714577, 36.69, '2025-11-12 08:33:28'),
(2458, 3, 10.795678, 106.725567, 35.98, '2025-11-12 08:33:28'),
(2459, 1, 10.774126, 106.696622, 39.03, '2025-11-12 08:33:33'),
(2460, 2, 10.787285, 106.714936, 36.69, '2025-11-12 08:33:33'),
(2461, 3, 10.795678, 106.725567, 35.98, '2025-11-12 08:33:33'),
(2462, 1, 10.774398, 106.697034, 39.03, '2025-11-12 08:33:38'),
(2463, 2, 10.787578, 106.715295, 36.69, '2025-11-12 08:33:38'),
(2464, 3, 10.795391, 106.725215, 35.98, '2025-11-12 08:33:38'),
(2465, 1, 10.774670, 106.697446, 39.03, '2025-11-12 08:33:43'),
(2466, 2, 10.787870, 106.715654, 36.69, '2025-11-12 08:33:43'),
(2467, 3, 10.795104, 106.724863, 35.98, '2025-11-12 08:33:43'),
(2468, 1, 10.774942, 106.697858, 39.03, '2025-11-12 08:33:48'),
(2469, 2, 10.787890, 106.715678, 36.69, '2025-11-12 08:33:48'),
(2470, 3, 10.794816, 106.724511, 35.98, '2025-11-12 08:33:48'),
(2471, 1, 10.775214, 106.698270, 39.03, '2025-11-12 08:33:53'),
(2472, 2, 10.787598, 106.715319, 36.69, '2025-11-12 08:33:53'),
(2473, 3, 10.794529, 106.724160, 35.98, '2025-11-12 08:33:53'),
(2474, 1, 10.775486, 106.698681, 39.03, '2025-11-12 08:33:58'),
(2475, 2, 10.787305, 106.714960, 36.69, '2025-11-12 08:33:58'),
(2476, 3, 10.794242, 106.723808, 35.98, '2025-11-12 08:33:58'),
(2477, 1, 10.775758, 106.699093, 39.03, '2025-11-12 08:34:03'),
(2478, 2, 10.787013, 106.714601, 36.69, '2025-11-12 08:34:03'),
(2479, 3, 10.793955, 106.723456, 35.98, '2025-11-12 08:34:03'),
(2480, 1, 10.776030, 106.699505, 39.03, '2025-11-12 08:34:08'),
(2481, 2, 10.786720, 106.714242, 36.69, '2025-11-12 08:34:08'),
(2482, 3, 10.793668, 106.723104, 35.98, '2025-11-12 08:34:08'),
(2483, 1, 10.776302, 106.699917, 39.03, '2025-11-12 08:34:13'),
(2484, 2, 10.786428, 106.713883, 36.69, '2025-11-12 08:34:13'),
(2485, 3, 10.793380, 106.722752, 35.98, '2025-11-12 08:34:13'),
(2486, 1, 10.776574, 106.700329, 39.03, '2025-11-12 08:34:18'),
(2487, 2, 10.786135, 106.713523, 36.69, '2025-11-12 08:34:18'),
(2488, 3, 10.793093, 106.722400, 35.98, '2025-11-12 08:34:18'),
(2489, 1, 10.776846, 106.700741, 39.03, '2025-11-12 08:34:23'),
(2490, 2, 10.785843, 106.713164, 36.69, '2025-11-12 08:34:23'),
(2491, 3, 10.792806, 106.722049, 35.98, '2025-11-12 08:34:23'),
(2492, 1, 10.776889, 106.700806, 39.03, '2025-11-12 08:34:28'),
(2493, 2, 10.785550, 106.712805, 36.69, '2025-11-12 08:34:28'),
(2494, 3, 10.792519, 106.721697, 35.98, '2025-11-12 08:34:28'),
(2495, 1, 10.777183, 106.701202, 39.03, '2025-11-12 08:34:33'),
(2496, 2, 10.785258, 106.712446, 36.69, '2025-11-12 08:34:33'),
(2497, 3, 10.792231, 106.721345, 35.98, '2025-11-12 08:34:33'),
(2498, 1, 10.777477, 106.701598, 39.03, '2025-11-12 08:34:38'),
(2499, 2, 10.784965, 106.712087, 36.69, '2025-11-12 08:34:38'),
(2500, 3, 10.791944, 106.720993, 35.98, '2025-11-12 08:34:38'),
(2501, 1, 10.777770, 106.701994, 39.03, '2025-11-12 08:34:43'),
(2502, 2, 10.784673, 106.711728, 36.69, '2025-11-12 08:34:43'),
(2503, 3, 10.791657, 106.720641, 35.98, '2025-11-12 08:34:43'),
(2504, 1, 10.778064, 106.702390, 39.03, '2025-11-12 08:34:48'),
(2505, 2, 10.784380, 106.711369, 36.69, '2025-11-12 08:34:48'),
(2506, 3, 10.791370, 106.720289, 35.98, '2025-11-12 08:34:48'),
(2507, 1, 10.778358, 106.702786, 39.03, '2025-11-12 08:34:53'),
(2508, 2, 10.784088, 106.711010, 36.69, '2025-11-12 08:34:53'),
(2509, 3, 10.791234, 106.720123, 35.98, '2025-11-12 08:34:53'),
(2510, 1, 10.778652, 106.703182, 39.03, '2025-11-12 08:34:58'),
(2511, 2, 10.783795, 106.710651, 36.69, '2025-11-12 08:34:58'),
(2512, 3, 10.791234, 106.720123, 35.98, '2025-11-12 08:34:58'),
(2513, 1, 10.778946, 106.703578, 39.03, '2025-11-12 08:35:03'),
(2514, 2, 10.783503, 106.710292, 36.69, '2025-11-12 08:35:03'),
(2515, 3, 10.790961, 106.719760, 35.98, '2025-11-12 08:35:03'),
(2516, 1, 10.779239, 106.703974, 39.03, '2025-11-12 08:35:08'),
(2517, 2, 10.783456, 106.710234, 36.69, '2025-11-12 08:35:08'),
(2518, 3, 10.790688, 106.719397, 35.98, '2025-11-12 08:35:08'),
(2519, 1, 10.779533, 106.704371, 39.03, '2025-11-12 08:35:13'),
(2520, 2, 10.783200, 106.709847, 36.69, '2025-11-12 08:35:13'),
(2521, 3, 10.790414, 106.719033, 35.98, '2025-11-12 08:35:13'),
(2522, 1, 10.779827, 106.704767, 39.03, '2025-11-12 08:35:18'),
(2523, 2, 10.782945, 106.709460, 36.69, '2025-11-12 08:35:18'),
(2524, 3, 10.790141, 106.718670, 35.98, '2025-11-12 08:35:18'),
(2525, 1, 10.780000, 106.705000, 39.03, '2025-11-12 08:35:23'),
(2526, 2, 10.782689, 106.709073, 36.69, '2025-11-12 08:35:23'),
(2527, 3, 10.789868, 106.718307, 35.98, '2025-11-12 08:35:23'),
(2528, 1, 10.780000, 106.705000, 39.03, '2025-11-12 08:35:28'),
(2529, 2, 10.782434, 106.708685, 36.69, '2025-11-12 08:35:28'),
(2530, 3, 10.789595, 106.717944, 35.98, '2025-11-12 08:35:28'),
(2531, 1, 10.779706, 106.704604, 39.03, '2025-11-12 08:35:33'),
(2532, 2, 10.782178, 106.708298, 36.69, '2025-11-12 08:35:33'),
(2533, 3, 10.789321, 106.717581, 35.98, '2025-11-12 08:35:33'),
(2534, 1, 10.779412, 106.704208, 39.03, '2025-11-12 08:35:38'),
(2535, 2, 10.781922, 106.707911, 36.69, '2025-11-12 08:35:38'),
(2536, 3, 10.789048, 106.717217, 35.98, '2025-11-12 08:35:38'),
(2537, 1, 10.779119, 106.703812, 39.03, '2025-11-12 08:35:43'),
(2538, 2, 10.781667, 106.707524, 36.69, '2025-11-12 08:35:43'),
(2539, 3, 10.788775, 106.716854, 35.98, '2025-11-12 08:35:43'),
(2540, 1, 10.778825, 106.703416, 39.03, '2025-11-12 08:35:48'),
(2541, 2, 10.781411, 106.707137, 36.69, '2025-11-12 08:35:48'),
(2542, 3, 10.788502, 106.716491, 35.98, '2025-11-12 08:35:48'),
(2543, 1, 10.778531, 106.703020, 39.03, '2025-11-12 08:35:53'),
(2544, 2, 10.781155, 106.706750, 36.69, '2025-11-12 08:35:53'),
(2545, 3, 10.788228, 106.716128, 35.98, '2025-11-12 08:35:53'),
(2546, 1, 10.778237, 106.702624, 39.03, '2025-11-12 08:35:58'),
(2547, 2, 10.780900, 106.706363, 36.69, '2025-11-12 08:35:58'),
(2548, 3, 10.787955, 106.715765, 35.98, '2025-11-12 08:35:58'),
(2549, 1, 10.777943, 106.702228, 39.03, '2025-11-12 08:36:03'),
(2550, 2, 10.780644, 106.705976, 36.69, '2025-11-12 08:36:03'),
(2551, 3, 10.787890, 106.715678, 35.98, '2025-11-12 08:36:03'),
(2552, 1, 10.777650, 106.701832, 39.03, '2025-11-12 08:36:08'),
(2553, 2, 10.780389, 106.705588, 36.69, '2025-11-12 08:36:09'),
(2554, 3, 10.787890, 106.715678, 35.98, '2025-11-12 08:36:09'),
(2555, 1, 10.777356, 106.701435, 39.03, '2025-11-12 08:36:13'),
(2556, 2, 10.780133, 106.705201, 36.69, '2025-11-12 08:36:14'),
(2557, 3, 10.787603, 106.715326, 35.98, '2025-11-12 08:36:14'),
(2558, 1, 10.777062, 106.701039, 39.03, '2025-11-12 08:36:18'),
(2559, 2, 10.780000, 106.705000, 36.69, '2025-11-12 08:36:18'),
(2560, 3, 10.787316, 106.714974, 35.98, '2025-11-12 08:36:19'),
(2561, 1, 10.776889, 106.700806, 39.03, '2025-11-12 08:36:24'),
(2562, 2, 10.780000, 106.705000, 36.69, '2025-11-12 08:36:24'),
(2563, 3, 10.787030, 106.714622, 35.98, '2025-11-12 08:36:24'),
(2564, 1, 10.776889, 106.700806, 39.03, '2025-11-12 08:36:29'),
(2565, 2, 10.779724, 106.704628, 36.69, '2025-11-12 08:36:29'),
(2566, 3, 10.786743, 106.714269, 35.98, '2025-11-12 08:36:29'),
(2567, 1, 10.776617, 106.700394, 39.03, '2025-11-12 08:36:34'),
(2568, 2, 10.779448, 106.704256, 36.69, '2025-11-12 08:36:34'),
(2569, 3, 10.786456, 106.713917, 35.98, '2025-11-12 08:36:34'),
(2570, 1, 10.776345, 106.699982, 39.03, '2025-11-12 08:36:39'),
(2571, 2, 10.779172, 106.703883, 36.69, '2025-11-12 08:36:39'),
(2572, 3, 10.786169, 106.713565, 35.98, '2025-11-12 08:36:39'),
(2573, 1, 10.776073, 106.699570, 39.03, '2025-11-12 08:36:44'),
(2574, 2, 10.778896, 106.703511, 36.69, '2025-11-12 08:36:44'),
(2575, 3, 10.785882, 106.713213, 35.98, '2025-11-12 08:36:44'),
(2576, 1, 10.775801, 106.699158, 39.03, '2025-11-12 08:36:49'),
(2577, 2, 10.778619, 106.703139, 36.69, '2025-11-12 08:36:49'),
(2578, 3, 10.785595, 106.712861, 35.98, '2025-11-12 08:36:49'),
(2579, 1, 10.775529, 106.698747, 39.03, '2025-11-12 08:36:54'),
(2580, 2, 10.778343, 106.702767, 36.69, '2025-11-12 08:36:54'),
(2581, 3, 10.785309, 106.712509, 35.98, '2025-11-12 08:36:54'),
(2582, 1, 10.775257, 106.698335, 39.03, '2025-11-12 08:36:59'),
(2583, 2, 10.778067, 106.702394, 36.69, '2025-11-12 08:36:59'),
(2584, 3, 10.785022, 106.712156, 35.98, '2025-11-12 08:36:59'),
(2585, 1, 10.774985, 106.697923, 39.03, '2025-11-12 08:37:04'),
(2586, 2, 10.777791, 106.702022, 36.69, '2025-11-12 08:37:04'),
(2587, 3, 10.784735, 106.711804, 35.98, '2025-11-12 08:37:04'),
(2588, 1, 10.774713, 106.697511, 39.03, '2025-11-12 08:37:09'),
(2589, 2, 10.777515, 106.701650, 36.69, '2025-11-12 08:37:09'),
(2590, 3, 10.784448, 106.711452, 35.98, '2025-11-12 08:37:09'),
(2591, 1, 10.774441, 106.697099, 39.03, '2025-11-12 08:37:14'),
(2592, 2, 10.777239, 106.701278, 36.69, '2025-11-12 08:37:14'),
(2593, 3, 10.784161, 106.711100, 35.98, '2025-11-12 08:37:14'),
(2594, 1, 10.774169, 106.696687, 39.03, '2025-11-12 08:37:19'),
(2595, 2, 10.776963, 106.700905, 36.69, '2025-11-12 08:37:19'),
(2596, 3, 10.783874, 106.710748, 35.98, '2025-11-12 08:37:19'),
(2597, 1, 10.773898, 106.696275, 39.03, '2025-11-12 08:37:24'),
(2598, 2, 10.776889, 106.700806, 36.69, '2025-11-12 08:37:24'),
(2599, 3, 10.783588, 106.710396, 35.98, '2025-11-12 08:37:24'),
(2600, 1, 10.773626, 106.695863, 39.03, '2025-11-12 08:37:29'),
(2601, 2, 10.776889, 106.700806, 36.69, '2025-11-12 08:37:29'),
(2602, 3, 10.783456, 106.710234, 35.98, '2025-11-12 08:37:29'),
(2603, 1, 10.773354, 106.695451, 39.03, '2025-11-12 08:37:34'),
(2604, 2, 10.776633, 106.700419, 36.69, '2025-11-12 08:37:34'),
(2605, 3, 10.783456, 106.710234, 35.98, '2025-11-12 08:37:34'),
(2606, 1, 10.773082, 106.695039, 39.03, '2025-11-12 08:37:39'),
(2607, 2, 10.776378, 106.700032, 36.69, '2025-11-12 08:37:39'),
(2608, 3, 10.783205, 106.709854, 35.98, '2025-11-12 08:37:39'),
(2609, 1, 10.772810, 106.694628, 39.03, '2025-11-12 08:37:44'),
(2610, 2, 10.776122, 106.699645, 36.69, '2025-11-12 08:37:44'),
(2611, 3, 10.782955, 106.709475, 35.98, '2025-11-12 08:37:44'),
(2612, 1, 10.772538, 106.694216, 39.03, '2025-11-12 08:37:49'),
(2613, 2, 10.775867, 106.699257, 36.69, '2025-11-12 08:37:49'),
(2614, 3, 10.782704, 106.709095, 35.98, '2025-11-12 08:37:49'),
(2615, 1, 10.772266, 106.693804, 39.03, '2025-11-12 08:37:54'),
(2616, 2, 10.775611, 106.698870, 36.69, '2025-11-12 08:37:54'),
(2617, 3, 10.782453, 106.708715, 35.98, '2025-11-12 08:37:54'),
(2618, 1, 10.771994, 106.693392, 39.03, '2025-11-12 08:37:59'),
(2619, 2, 10.775355, 106.698483, 36.69, '2025-11-12 08:37:59'),
(2620, 3, 10.782203, 106.708336, 35.98, '2025-11-12 08:37:59'),
(2621, 1, 10.771722, 106.692980, 39.03, '2025-11-12 08:38:04'),
(2622, 2, 10.775100, 106.698096, 36.69, '2025-11-12 08:38:04'),
(2623, 3, 10.781952, 106.707956, 35.98, '2025-11-12 08:38:04'),
(2624, 1, 10.771450, 106.692568, 39.03, '2025-11-12 08:38:09'),
(2625, 2, 10.774844, 106.697709, 36.69, '2025-11-12 08:38:09'),
(2626, 3, 10.781701, 106.707576, 35.98, '2025-11-12 08:38:09'),
(2627, 1, 10.771178, 106.692156, 39.03, '2025-11-12 08:38:14'),
(2628, 2, 10.774589, 106.697322, 36.69, '2025-11-12 08:38:14'),
(2629, 3, 10.781450, 106.707197, 35.98, '2025-11-12 08:38:14'),
(2630, 1, 10.771135, 106.692091, 39.03, '2025-11-12 08:38:19'),
(2631, 2, 10.774333, 106.696935, 36.69, '2025-11-12 08:38:19'),
(2632, 3, 10.781200, 106.706817, 35.98, '2025-11-12 08:38:19'),
(2633, 1, 10.770971, 106.691624, 39.03, '2025-11-12 08:38:24'),
(2634, 2, 10.774077, 106.696548, 36.69, '2025-11-12 08:38:24'),
(2635, 3, 10.780949, 106.706437, 35.98, '2025-11-12 08:38:24'),
(2636, 1, 10.770807, 106.691156, 39.03, '2025-11-12 08:38:29'),
(2637, 2, 10.773822, 106.696160, 36.69, '2025-11-12 08:38:29'),
(2638, 3, 10.780698, 106.706058, 35.98, '2025-11-12 08:38:29'),
(2639, 1, 10.770643, 106.690689, 39.03, '2025-11-12 08:38:34'),
(2640, 2, 10.773566, 106.695773, 36.69, '2025-11-12 08:38:34'),
(2641, 3, 10.780448, 106.705678, 35.98, '2025-11-12 08:38:34'),
(2642, 1, 10.770479, 106.690222, 39.03, '2025-11-12 08:38:39'),
(2643, 2, 10.773311, 106.695386, 36.69, '2025-11-12 08:38:39'),
(2644, 3, 10.780197, 106.705298, 35.98, '2025-11-12 08:38:39'),
(2645, 1, 10.770315, 106.689754, 39.03, '2025-11-12 08:38:44'),
(2646, 2, 10.773055, 106.694999, 36.69, '2025-11-12 08:38:44'),
(2647, 3, 10.780000, 106.705000, 35.98, '2025-11-12 08:38:44'),
(2648, 1, 10.770151, 106.689287, 39.03, '2025-11-12 08:38:49'),
(2649, 2, 10.772799, 106.694612, 36.69, '2025-11-12 08:38:49'),
(2650, 3, 10.780000, 106.705000, 35.98, '2025-11-12 08:38:49'),
(2651, 1, 10.769987, 106.688819, 39.03, '2025-11-12 08:38:54'),
(2652, 2, 10.772544, 106.694225, 36.69, '2025-11-12 08:38:54'),
(2653, 3, 10.780251, 106.705380, 35.98, '2025-11-12 08:38:54'),
(2654, 1, 10.769823, 106.688352, 39.03, '2025-11-12 08:38:59'),
(2655, 2, 10.772288, 106.693838, 36.69, '2025-11-12 08:38:59'),
(2656, 3, 10.780501, 106.705759, 35.98, '2025-11-12 08:38:59'),
(2657, 1, 10.769659, 106.687885, 39.03, '2025-11-12 08:39:04'),
(2658, 2, 10.772033, 106.693451, 36.69, '2025-11-12 08:39:04'),
(2659, 3, 10.780752, 106.706139, 35.98, '2025-11-12 08:39:04'),
(2660, 1, 10.769495, 106.687417, 39.03, '2025-11-12 08:39:09'),
(2661, 2, 10.771777, 106.693063, 36.69, '2025-11-12 08:39:09'),
(2662, 3, 10.781003, 106.706519, 35.98, '2025-11-12 08:39:09'),
(2663, 1, 10.769331, 106.686950, 39.03, '2025-11-12 08:39:14'),
(2664, 2, 10.771521, 106.692676, 36.69, '2025-11-12 08:39:14'),
(2665, 3, 10.781253, 106.706898, 35.98, '2025-11-12 08:39:14'),
(2666, 1, 10.769167, 106.686483, 39.03, '2025-11-12 08:39:19'),
(2667, 2, 10.771266, 106.692289, 36.69, '2025-11-12 08:39:19'),
(2668, 3, 10.781504, 106.707278, 35.98, '2025-11-12 08:39:19'),
(2669, 1, 10.769003, 106.686015, 39.03, '2025-11-12 08:39:24'),
(2670, 2, 10.771135, 106.692091, 36.69, '2025-11-12 08:39:24'),
(2671, 3, 10.781755, 106.707658, 35.98, '2025-11-12 08:39:24'),
(2672, 1, 10.768839, 106.685548, 39.03, '2025-11-12 08:39:29'),
(2673, 2, 10.771135, 106.692091, 36.69, '2025-11-12 08:39:29'),
(2674, 3, 10.782006, 106.708037, 35.98, '2025-11-12 08:39:29'),
(2675, 1, 10.768676, 106.685080, 39.03, '2025-11-12 08:39:34'),
(2676, 2, 10.771391, 106.692478, 36.69, '2025-11-12 08:39:34'),
(2677, 3, 10.782256, 106.708417, 35.98, '2025-11-12 08:39:34'),
(2678, 1, 10.768512, 106.684613, 39.03, '2025-11-12 08:39:39'),
(2679, 2, 10.771646, 106.692865, 36.69, '2025-11-12 08:39:39'),
(2680, 3, 10.782507, 106.708797, 35.98, '2025-11-12 08:39:39'),
(2681, 1, 10.768348, 106.684146, 39.03, '2025-11-12 08:39:44'),
(2682, 2, 10.771902, 106.693252, 36.69, '2025-11-12 08:39:44'),
(2683, 3, 10.782758, 106.709176, 35.98, '2025-11-12 08:39:44'),
(2684, 1, 10.768247, 106.683859, 39.03, '2025-11-12 08:39:49'),
(2685, 2, 10.772157, 106.693640, 36.69, '2025-11-12 08:39:49'),
(2686, 3, 10.783008, 106.709556, 35.98, '2025-11-12 08:39:49'),
(2687, 1, 10.768247, 106.683859, 39.03, '2025-11-12 08:39:54'),
(2688, 2, 10.772413, 106.694027, 36.69, '2025-11-12 08:39:54'),
(2689, 3, 10.783259, 106.709936, 35.98, '2025-11-12 08:39:54'),
(2690, 1, 10.767781, 106.683712, 39.03, '2025-11-12 08:39:59'),
(2691, 2, 10.772669, 106.694414, 36.69, '2025-11-12 08:39:59'),
(2692, 3, 10.783456, 106.710234, 35.98, '2025-11-12 08:39:59'),
(2693, 1, 10.767316, 106.683564, 39.03, '2025-11-12 08:40:04'),
(2694, 2, 10.772924, 106.694801, 36.69, '2025-11-12 08:40:04'),
(2695, 3, 10.783456, 106.710234, 35.98, '2025-11-12 08:40:04'),
(2696, 1, 10.766850, 106.683417, 39.03, '2025-11-12 08:40:09'),
(2697, 2, 10.773180, 106.695188, 36.69, '2025-11-12 08:40:09'),
(2698, 3, 10.783743, 106.710586, 35.98, '2025-11-12 08:40:09'),
(2699, 1, 10.766385, 106.683270, 39.03, '2025-11-12 08:40:14'),
(2700, 2, 10.773435, 106.695575, 36.69, '2025-11-12 08:40:14'),
(2701, 3, 10.784030, 106.710938, 35.98, '2025-11-12 08:40:14'),
(2702, 1, 10.765919, 106.683122, 39.03, '2025-11-12 08:40:19'),
(2703, 2, 10.773691, 106.695962, 36.69, '2025-11-12 08:40:19'),
(2704, 3, 10.784316, 106.711290, 35.98, '2025-11-12 08:40:19'),
(2705, 1, 10.765454, 106.682975, 39.03, '2025-11-12 08:40:24'),
(2706, 2, 10.773947, 106.696349, 36.69, '2025-11-12 08:40:24'),
(2707, 3, 10.784603, 106.711643, 35.98, '2025-11-12 08:40:24'),
(2708, 1, 10.764988, 106.682828, 39.03, '2025-11-12 08:40:29'),
(2709, 2, 10.774202, 106.696737, 36.69, '2025-11-12 08:40:29'),
(2710, 3, 10.784890, 106.711995, 35.98, '2025-11-12 08:40:29'),
(2711, 1, 10.764523, 106.682680, 39.03, '2025-11-12 08:40:34'),
(2712, 2, 10.774458, 106.697124, 36.69, '2025-11-12 08:40:34'),
(2713, 3, 10.785177, 106.712347, 35.98, '2025-11-12 08:40:34'),
(2714, 1, 10.764057, 106.682533, 39.03, '2025-11-12 08:40:39'),
(2715, 2, 10.774713, 106.697511, 36.69, '2025-11-12 08:40:39'),
(2716, 3, 10.785464, 106.712699, 35.98, '2025-11-12 08:40:39'),
(2717, 1, 10.763591, 106.682386, 39.03, '2025-11-12 08:40:44'),
(2718, 2, 10.774969, 106.697898, 36.69, '2025-11-12 08:40:44'),
(2719, 3, 10.785751, 106.713051, 35.98, '2025-11-12 08:40:44'),
(2720, 1, 10.763126, 106.682238, 39.03, '2025-11-12 08:40:49'),
(2721, 2, 10.775225, 106.698285, 36.69, '2025-11-12 08:40:49'),
(2722, 3, 10.786037, 106.713403, 35.98, '2025-11-12 08:40:49'),
(2723, 1, 10.762913, 106.682171, 39.03, '2025-11-12 08:40:54'),
(2724, 2, 10.775480, 106.698672, 36.69, '2025-11-12 08:40:54'),
(2725, 3, 10.786324, 106.713756, 35.98, '2025-11-12 08:40:54'),
(2726, 1, 10.762913, 106.682171, 39.03, '2025-11-12 08:40:59'),
(2727, 2, 10.775736, 106.699059, 36.69, '2025-11-12 08:40:59'),
(2728, 3, 10.786611, 106.714108, 35.98, '2025-11-12 08:40:59'),
(2729, 1, 10.763379, 106.682318, 39.03, '2025-11-12 08:41:04'),
(2730, 2, 10.775991, 106.699447, 36.69, '2025-11-12 08:41:04'),
(2731, 3, 10.786898, 106.714460, 35.98, '2025-11-12 08:41:04'),
(2732, 1, 10.763844, 106.682466, 39.03, '2025-11-12 08:41:09'),
(2733, 2, 10.776247, 106.699834, 36.69, '2025-11-12 08:41:09'),
(2734, 3, 10.787185, 106.714812, 35.98, '2025-11-12 08:41:09'),
(2735, 1, 10.764310, 106.682613, 39.03, '2025-11-12 08:41:14'),
(2736, 2, 10.776503, 106.700221, 36.69, '2025-11-12 08:41:14'),
(2737, 3, 10.787472, 106.715164, 35.98, '2025-11-12 08:41:14'),
(2738, 1, 10.764775, 106.682760, 39.03, '2025-11-12 08:41:19'),
(2739, 2, 10.776758, 106.700608, 36.69, '2025-11-12 08:41:19'),
(2740, 3, 10.787758, 106.715516, 35.98, '2025-11-12 08:41:19'),
(2741, 1, 10.765241, 106.682908, 39.03, '2025-11-12 08:41:24'),
(2742, 2, 10.776889, 106.700806, 36.69, '2025-11-12 08:41:24'),
(2743, 3, 10.787890, 106.715678, 35.98, '2025-11-12 08:41:24'),
(2744, 1, 10.765706, 106.683055, 39.03, '2025-11-12 08:41:29'),
(2745, 2, 10.776889, 106.700806, 36.69, '2025-11-12 08:41:29'),
(2746, 3, 10.787890, 106.715678, 35.98, '2025-11-12 08:41:29'),
(2747, 1, 10.766172, 106.683202, 39.03, '2025-11-12 08:41:34'),
(2748, 2, 10.777165, 106.701178, 36.69, '2025-11-12 08:41:34'),
(2749, 3, 10.788163, 106.716041, 35.98, '2025-11-12 08:41:34'),
(2750, 1, 10.766637, 106.683350, 39.03, '2025-11-12 08:41:39'),
(2751, 2, 10.777441, 106.701550, 36.69, '2025-11-12 08:41:39'),
(2752, 3, 10.788436, 106.716404, 35.98, '2025-11-12 08:41:39'),
(2753, 1, 10.767103, 106.683497, 39.03, '2025-11-12 08:41:44'),
(2754, 2, 10.777717, 106.701923, 36.69, '2025-11-12 08:41:44'),
(2755, 3, 10.788710, 106.716768, 35.98, '2025-11-12 08:41:44'),
(2756, 1, 10.767569, 106.683644, 39.03, '2025-11-12 08:41:49'),
(2757, 2, 10.777993, 106.702295, 36.69, '2025-11-12 08:41:49'),
(2758, 3, 10.788983, 106.717131, 35.98, '2025-11-12 08:41:49'),
(2759, 1, 10.768034, 106.683792, 39.03, '2025-11-12 08:41:54'),
(2760, 2, 10.778270, 106.702667, 36.69, '2025-11-12 08:41:54'),
(2761, 3, 10.789256, 106.717494, 35.98, '2025-11-12 08:41:54'),
(2762, 1, 10.768247, 106.683859, 39.03, '2025-11-12 08:41:59'),
(2763, 2, 10.778546, 106.703039, 36.69, '2025-11-12 08:41:59'),
(2764, 3, 10.789529, 106.717857, 35.98, '2025-11-12 08:41:59'),
(2765, 1, 10.768247, 106.683859, 39.03, '2025-11-12 08:42:04'),
(2766, 2, 10.778822, 106.703412, 36.69, '2025-11-12 08:42:04'),
(2767, 3, 10.789803, 106.718220, 35.98, '2025-11-12 08:42:04'),
(2768, 1, 10.768411, 106.684326, 39.03, '2025-11-12 08:42:09'),
(2769, 2, 10.779098, 106.703784, 36.69, '2025-11-12 08:42:09'),
(2770, 3, 10.790076, 106.718584, 35.98, '2025-11-12 08:42:09'),
(2771, 1, 10.768575, 106.684794, 39.03, '2025-11-12 08:42:14'),
(2772, 2, 10.779374, 106.704156, 36.69, '2025-11-12 08:42:14'),
(2773, 3, 10.790349, 106.718947, 35.98, '2025-11-12 08:42:14'),
(2774, 1, 10.768739, 106.685261, 39.03, '2025-11-12 08:42:19'),
(2775, 2, 10.779650, 106.704528, 36.69, '2025-11-12 08:42:19'),
(2776, 3, 10.790622, 106.719310, 35.98, '2025-11-12 08:42:19'),
(2777, 1, 10.768903, 106.685728, 39.03, '2025-11-12 08:42:24'),
(2778, 2, 10.779926, 106.704901, 36.69, '2025-11-12 08:42:24'),
(2779, 3, 10.790896, 106.719673, 35.98, '2025-11-12 08:42:24'),
(2780, 1, 10.769067, 106.686196, 39.03, '2025-11-12 08:42:29'),
(2781, 2, 10.780000, 106.705000, 36.69, '2025-11-12 08:42:29'),
(2782, 3, 10.791169, 106.720036, 35.98, '2025-11-12 08:42:29'),
(2783, 1, 10.769231, 106.686663, 39.03, '2025-11-12 08:42:34'),
(2784, 2, 10.780000, 106.705000, 36.69, '2025-11-12 08:42:34'),
(2785, 3, 10.791234, 106.720123, 35.98, '2025-11-12 08:42:34'),
(2786, 1, 10.769395, 106.687131, 39.03, '2025-11-12 08:42:39'),
(2787, 2, 10.780256, 106.705387, 36.69, '2025-11-12 08:42:39'),
(2788, 3, 10.791234, 106.720123, 35.98, '2025-11-12 08:42:39'),
(2789, 1, 10.769559, 106.687598, 39.03, '2025-11-12 08:42:44'),
(2790, 2, 10.780511, 106.705774, 36.69, '2025-11-12 08:42:44'),
(2791, 3, 10.791521, 106.720475, 35.98, '2025-11-12 08:42:44'),
(2792, 1, 10.769723, 106.688065, 39.03, '2025-11-12 08:42:49'),
(2793, 2, 10.780767, 106.706161, 36.69, '2025-11-12 08:42:49'),
(2794, 3, 10.791808, 106.720827, 35.98, '2025-11-12 08:42:49'),
(2795, 1, 10.769887, 106.688533, 39.03, '2025-11-12 08:42:54'),
(2796, 2, 10.781022, 106.706549, 36.69, '2025-11-12 08:42:54'),
(2797, 3, 10.792096, 106.721179, 35.98, '2025-11-12 08:42:54'),
(2798, 1, 10.770051, 106.689000, 39.03, '2025-11-12 08:42:59'),
(2799, 2, 10.781278, 106.706936, 36.69, '2025-11-12 08:42:59'),
(2800, 3, 10.792383, 106.721530, 35.98, '2025-11-12 08:42:59'),
(2801, 1, 10.770215, 106.689467, 39.03, '2025-11-12 08:43:04'),
(2802, 2, 10.781534, 106.707323, 36.69, '2025-11-12 08:43:04'),
(2803, 3, 10.792670, 106.721882, 35.98, '2025-11-12 08:43:04'),
(2804, 1, 10.770379, 106.689935, 39.03, '2025-11-12 08:43:09'),
(2805, 2, 10.781789, 106.707710, 36.69, '2025-11-12 08:43:09'),
(2806, 3, 10.792957, 106.722234, 35.98, '2025-11-12 08:43:09'),
(2807, 1, 10.770543, 106.690402, 39.03, '2025-11-12 08:43:14'),
(2808, 2, 10.782045, 106.708097, 36.69, '2025-11-12 08:43:14'),
(2809, 3, 10.793244, 106.722586, 35.98, '2025-11-12 08:43:14'),
(2810, 1, 10.770706, 106.690870, 39.03, '2025-11-12 08:43:19'),
(2811, 2, 10.782301, 106.708484, 36.69, '2025-11-12 08:43:19'),
(2812, 3, 10.793532, 106.722938, 35.98, '2025-11-12 08:43:19'),
(2813, 1, 10.770870, 106.691337, 39.03, '2025-11-12 08:43:24'),
(2814, 2, 10.782556, 106.708871, 36.69, '2025-11-12 08:43:24'),
(2815, 3, 10.793819, 106.723290, 35.98, '2025-11-12 08:43:24'),
(2816, 1, 10.771034, 106.691804, 39.03, '2025-11-12 08:43:29'),
(2817, 2, 10.782812, 106.709258, 36.69, '2025-11-12 08:43:29'),
(2818, 3, 10.794106, 106.723641, 35.98, '2025-11-12 08:43:29'),
(2819, 1, 10.771135, 106.692091, 39.03, '2025-11-12 08:43:34'),
(2820, 2, 10.783067, 106.709646, 36.69, '2025-11-12 08:43:34'),
(2821, 3, 10.794393, 106.723993, 35.98, '2025-11-12 08:43:34'),
(2822, 1, 10.771135, 106.692091, 39.03, '2025-11-12 08:43:39'),
(2823, 2, 10.783323, 106.710033, 36.69, '2025-11-12 08:43:39'),
(2824, 3, 10.794681, 106.724345, 35.98, '2025-11-12 08:43:39'),
(2825, 1, 10.771407, 106.692503, 39.03, '2025-11-12 08:43:44'),
(2826, 2, 10.783456, 106.710234, 36.69, '2025-11-12 08:43:44'),
(2827, 3, 10.794968, 106.724697, 35.98, '2025-11-12 08:43:44'),
(2828, 1, 10.771679, 106.692915, 39.03, '2025-11-12 08:43:49'),
(2829, 2, 10.783456, 106.710234, 36.69, '2025-11-12 08:43:49'),
(2830, 3, 10.795255, 106.725049, 35.98, '2025-11-12 08:43:49'),
(2831, 1, 10.771951, 106.693327, 39.03, '2025-11-12 08:43:54'),
(2832, 2, 10.783748, 106.710593, 36.69, '2025-11-12 08:43:54'),
(2833, 3, 10.795542, 106.725401, 35.98, '2025-11-12 08:43:54'),
(2834, 1, 10.772223, 106.693739, 39.03, '2025-11-12 08:43:59'),
(2835, 2, 10.784041, 106.710952, 36.69, '2025-11-12 08:43:59'),
(2836, 3, 10.795678, 106.725567, 35.98, '2025-11-12 08:43:59'),
(2837, 1, 10.772495, 106.694150, 39.03, '2025-11-12 08:44:04'),
(2838, 2, 10.784333, 106.711311, 36.69, '2025-11-12 08:44:04'),
(2839, 3, 10.795678, 106.725567, 35.98, '2025-11-12 08:44:04'),
(2840, 1, 10.772767, 106.694562, 39.03, '2025-11-12 08:44:09'),
(2841, 2, 10.784626, 106.711670, 36.69, '2025-11-12 08:44:09'),
(2842, 3, 10.795391, 106.725215, 35.98, '2025-11-12 08:44:09'),
(2843, 1, 10.773039, 106.694974, 39.03, '2025-11-12 08:44:14'),
(2844, 2, 10.784918, 106.712029, 36.69, '2025-11-12 08:44:14'),
(2845, 3, 10.795104, 106.724863, 35.98, '2025-11-12 08:44:14'),
(2846, 1, 10.773311, 106.695386, 39.03, '2025-11-12 08:44:19'),
(2847, 2, 10.785211, 106.712389, 36.69, '2025-11-12 08:44:19'),
(2848, 3, 10.794816, 106.724511, 35.98, '2025-11-12 08:44:19'),
(2849, 1, 10.773583, 106.695798, 39.03, '2025-11-12 08:44:24'),
(2850, 2, 10.785503, 106.712748, 36.69, '2025-11-12 08:44:24'),
(2851, 3, 10.794529, 106.724160, 35.98, '2025-11-12 08:44:24'),
(2852, 1, 10.773855, 106.696210, 39.03, '2025-11-12 08:44:29'),
(2853, 2, 10.785796, 106.713107, 36.69, '2025-11-12 08:44:29'),
(2854, 3, 10.794242, 106.723808, 35.98, '2025-11-12 08:44:29'),
(2855, 1, 10.774126, 106.696622, 39.03, '2025-11-12 08:44:34'),
(2856, 2, 10.786088, 106.713466, 36.69, '2025-11-12 08:44:34'),
(2857, 3, 10.793955, 106.723456, 35.98, '2025-11-12 08:44:34'),
(2858, 1, 10.774398, 106.697034, 39.03, '2025-11-12 08:44:39'),
(2859, 2, 10.786381, 106.713825, 36.69, '2025-11-12 08:44:39'),
(2860, 3, 10.793668, 106.723104, 35.98, '2025-11-12 08:44:39'),
(2861, 1, 10.774670, 106.697446, 39.03, '2025-11-12 08:44:44'),
(2862, 2, 10.786673, 106.714184, 36.69, '2025-11-12 08:44:44'),
(2863, 3, 10.793380, 106.722752, 35.98, '2025-11-12 08:44:44'),
(2864, 1, 10.774942, 106.697858, 39.03, '2025-11-12 08:44:49'),
(2865, 2, 10.786966, 106.714543, 36.69, '2025-11-12 08:44:49'),
(2866, 3, 10.793093, 106.722400, 35.98, '2025-11-12 08:44:49'),
(2867, 1, 10.775214, 106.698270, 39.03, '2025-11-12 08:44:54'),
(2868, 2, 10.787258, 106.714902, 36.69, '2025-11-12 08:44:54'),
(2869, 3, 10.792806, 106.722049, 35.98, '2025-11-12 08:44:54'),
(2870, 1, 10.775486, 106.698681, 39.03, '2025-11-12 08:44:59'),
(2871, 2, 10.787551, 106.715261, 36.69, '2025-11-12 08:44:59'),
(2872, 3, 10.792519, 106.721697, 35.98, '2025-11-12 08:44:59'),
(2873, 1, 10.775758, 106.699093, 39.03, '2025-11-12 08:45:04'),
(2874, 2, 10.787843, 106.715620, 36.69, '2025-11-12 08:45:04'),
(2875, 3, 10.792231, 106.721345, 35.98, '2025-11-12 08:45:04'),
(2876, 1, 10.776030, 106.699505, 39.03, '2025-11-12 08:45:09'),
(2877, 2, 10.787890, 106.715678, 36.69, '2025-11-12 08:45:09'),
(2878, 3, 10.791944, 106.720993, 35.98, '2025-11-12 08:45:09'),
(2879, 1, 10.776302, 106.699917, 39.03, '2025-11-12 08:45:14'),
(2880, 2, 10.787598, 106.715319, 36.69, '2025-11-12 08:45:14'),
(2881, 3, 10.791657, 106.720641, 35.98, '2025-11-12 08:45:14'),
(2882, 1, 10.776574, 106.700329, 39.03, '2025-11-12 08:45:19'),
(2883, 2, 10.787305, 106.714960, 36.69, '2025-11-12 08:45:19'),
(2884, 3, 10.791370, 106.720289, 35.98, '2025-11-12 08:45:19'),
(2885, 1, 10.776846, 106.700741, 39.03, '2025-11-12 08:45:24'),
(2886, 2, 10.787013, 106.714601, 36.69, '2025-11-12 08:45:24'),
(2887, 3, 10.791234, 106.720123, 35.98, '2025-11-12 08:45:24'),
(2888, 1, 10.776889, 106.700806, 39.03, '2025-11-12 08:45:29'),
(2889, 2, 10.786720, 106.714242, 36.69, '2025-11-12 08:45:29'),
(2890, 3, 10.791234, 106.720123, 35.98, '2025-11-12 08:45:29'),
(2891, 1, 10.777183, 106.701202, 39.03, '2025-11-12 08:45:34'),
(2892, 2, 10.786428, 106.713883, 36.69, '2025-11-12 08:45:34'),
(2893, 3, 10.790961, 106.719760, 35.98, '2025-11-12 08:45:34'),
(2894, 1, 10.777477, 106.701598, 39.03, '2025-11-12 08:45:39'),
(2895, 2, 10.786135, 106.713523, 36.69, '2025-11-12 08:45:39'),
(2896, 3, 10.790688, 106.719397, 35.98, '2025-11-12 08:45:39'),
(2897, 1, 10.777770, 106.701994, 39.03, '2025-11-12 08:45:44'),
(2898, 2, 10.785843, 106.713164, 36.69, '2025-11-12 08:45:44'),
(2899, 3, 10.790414, 106.719033, 35.98, '2025-11-12 08:45:44'),
(2900, 1, 10.778064, 106.702390, 39.03, '2025-11-12 08:45:49'),
(2901, 2, 10.785550, 106.712805, 36.69, '2025-11-12 08:45:49'),
(2902, 3, 10.790141, 106.718670, 35.98, '2025-11-12 08:45:49'),
(2903, 1, 10.778358, 106.702786, 39.03, '2025-11-12 08:45:54'),
(2904, 2, 10.785258, 106.712446, 36.69, '2025-11-12 08:45:54'),
(2905, 3, 10.789868, 106.718307, 35.98, '2025-11-12 08:45:54'),
(2906, 1, 10.778652, 106.703182, 39.03, '2025-11-12 08:45:59'),
(2907, 2, 10.784965, 106.712087, 36.69, '2025-11-12 08:45:59'),
(2908, 3, 10.789595, 106.717944, 35.98, '2025-11-12 08:45:59'),
(2909, 1, 10.778946, 106.703578, 39.03, '2025-11-12 08:46:04'),
(2910, 2, 10.784673, 106.711728, 36.69, '2025-11-12 08:46:04'),
(2911, 3, 10.789321, 106.717581, 35.98, '2025-11-12 08:46:04'),
(2912, 1, 10.779239, 106.703974, 39.03, '2025-11-12 08:46:09'),
(2913, 2, 10.784380, 106.711369, 36.69, '2025-11-12 08:46:09'),
(2914, 3, 10.789048, 106.717217, 35.98, '2025-11-12 08:46:09'),
(2915, 1, 10.779533, 106.704371, 39.03, '2025-11-12 08:46:14'),
(2916, 2, 10.784088, 106.711010, 36.69, '2025-11-12 08:46:14'),
(2917, 3, 10.788775, 106.716854, 35.98, '2025-11-12 08:46:14'),
(2918, 1, 10.779827, 106.704767, 39.03, '2025-11-12 08:46:19'),
(2919, 2, 10.783795, 106.710651, 36.69, '2025-11-12 08:46:19'),
(2920, 3, 10.788502, 106.716491, 35.98, '2025-11-12 08:46:19'),
(2921, 1, 10.780000, 106.705000, 39.03, '2025-11-12 08:46:24'),
(2922, 2, 10.783503, 106.710292, 36.69, '2025-11-12 08:46:24'),
(2923, 3, 10.788228, 106.716128, 35.98, '2025-11-12 08:46:24'),
(2924, 1, 10.780000, 106.705000, 39.03, '2025-11-12 08:46:29'),
(2925, 2, 10.783456, 106.710234, 36.69, '2025-11-12 08:46:29'),
(2926, 3, 10.787955, 106.715765, 35.98, '2025-11-12 08:46:29'),
(2927, 1, 10.779706, 106.704604, 39.03, '2025-11-12 08:46:34'),
(2928, 2, 10.783200, 106.709847, 36.69, '2025-11-12 08:46:34'),
(2929, 3, 10.787890, 106.715678, 35.98, '2025-11-12 08:46:34'),
(2930, 1, 10.779412, 106.704208, 39.03, '2025-11-12 08:46:39'),
(2931, 2, 10.782945, 106.709460, 36.69, '2025-11-12 08:46:39'),
(2932, 3, 10.787890, 106.715678, 35.98, '2025-11-12 08:46:39'),
(2933, 1, 10.779119, 106.703812, 39.03, '2025-11-12 08:46:44'),
(2934, 2, 10.782689, 106.709073, 36.69, '2025-11-12 08:46:44'),
(2935, 3, 10.787603, 106.715326, 35.98, '2025-11-12 08:46:44'),
(2936, 1, 10.778825, 106.703416, 39.03, '2025-11-12 08:46:49'),
(2937, 2, 10.782434, 106.708685, 36.69, '2025-11-12 08:46:49'),
(2938, 3, 10.787316, 106.714974, 35.98, '2025-11-12 08:46:49'),
(2939, 1, 10.778531, 106.703020, 39.03, '2025-11-12 08:46:54'),
(2940, 2, 10.782178, 106.708298, 36.69, '2025-11-12 08:46:54'),
(2941, 3, 10.787030, 106.714622, 35.98, '2025-11-12 08:46:54'),
(2942, 1, 10.778237, 106.702624, 39.03, '2025-11-12 08:46:59'),
(2943, 2, 10.781922, 106.707911, 36.69, '2025-11-12 08:47:00'),
(2944, 3, 10.786743, 106.714269, 35.98, '2025-11-12 08:47:00'),
(2945, 1, 10.777943, 106.702228, 39.03, '2025-11-12 08:47:04'),
(2946, 2, 10.781667, 106.707524, 36.69, '2025-11-12 08:47:04'),
(2947, 3, 10.786456, 106.713917, 35.98, '2025-11-12 08:47:04'),
(2948, 1, 10.777650, 106.701832, 39.03, '2025-11-12 08:47:09'),
(2949, 2, 10.781411, 106.707137, 36.69, '2025-11-12 08:47:09'),
(2950, 3, 10.786169, 106.713565, 35.98, '2025-11-12 08:47:09'),
(2951, 1, 10.777356, 106.701435, 39.03, '2025-11-12 08:47:15'),
(2952, 2, 10.781155, 106.706750, 36.69, '2025-11-12 08:47:15'),
(2953, 3, 10.785882, 106.713213, 35.98, '2025-11-12 08:47:15'),
(2954, 1, 10.777062, 106.701039, 39.03, '2025-11-12 08:47:20'),
(2955, 2, 10.780900, 106.706363, 36.69, '2025-11-12 08:47:20'),
(2956, 3, 10.785595, 106.712861, 35.98, '2025-11-12 08:47:20'),
(2957, 1, 10.776889, 106.700806, 39.03, '2025-11-12 08:47:25'),
(2958, 2, 10.780644, 106.705976, 36.69, '2025-11-12 08:47:25'),
(2959, 3, 10.785309, 106.712509, 35.98, '2025-11-12 08:47:25'),
(2960, 1, 10.776889, 106.700806, 39.03, '2025-11-12 08:47:30'),
(2961, 2, 10.780389, 106.705588, 36.69, '2025-11-12 08:47:30'),
(2962, 3, 10.785022, 106.712156, 35.98, '2025-11-12 08:47:30'),
(2963, 1, 10.776617, 106.700394, 39.03, '2025-11-12 08:47:35'),
(2964, 2, 10.780133, 106.705201, 36.69, '2025-11-12 08:47:35'),
(2965, 3, 10.784735, 106.711804, 35.98, '2025-11-12 08:47:35'),
(2966, 1, 10.776345, 106.699982, 39.03, '2025-11-12 08:47:40'),
(2967, 2, 10.780000, 106.705000, 36.69, '2025-11-12 08:47:40'),
(2968, 3, 10.784448, 106.711452, 35.98, '2025-11-12 08:47:40'),
(2969, 1, 10.776073, 106.699570, 39.03, '2025-11-12 08:47:45'),
(2970, 2, 10.780000, 106.705000, 36.69, '2025-11-12 08:47:45'),
(2971, 3, 10.784161, 106.711100, 35.98, '2025-11-12 08:47:45'),
(2972, 1, 10.775801, 106.699158, 39.03, '2025-11-12 08:47:50'),
(2973, 2, 10.779724, 106.704628, 36.69, '2025-11-12 08:47:50'),
(2974, 3, 10.783874, 106.710748, 35.98, '2025-11-12 08:47:50'),
(2975, 1, 10.775529, 106.698747, 39.03, '2025-11-12 08:47:55'),
(2976, 2, 10.779448, 106.704256, 36.69, '2025-11-12 08:47:55'),
(2977, 3, 10.783588, 106.710396, 35.98, '2025-11-12 08:47:55'),
(2978, 1, 10.775257, 106.698335, 39.03, '2025-11-12 08:48:00'),
(2979, 2, 10.779172, 106.703883, 36.69, '2025-11-12 08:48:00'),
(2980, 3, 10.783456, 106.710234, 35.98, '2025-11-12 08:48:00'),
(2981, 1, 10.774985, 106.697923, 39.03, '2025-11-12 08:48:05'),
(2982, 2, 10.778896, 106.703511, 36.69, '2025-11-12 08:48:05'),
(2983, 3, 10.783456, 106.710234, 35.98, '2025-11-12 08:48:05'),
(2984, 1, 10.774713, 106.697511, 39.03, '2025-11-12 08:48:10'),
(2985, 2, 10.778619, 106.703139, 36.69, '2025-11-12 08:48:10'),
(2986, 3, 10.783205, 106.709854, 35.98, '2025-11-12 08:48:10'),
(2987, 1, 10.774441, 106.697099, 39.03, '2025-11-12 08:48:15'),
(2988, 2, 10.778343, 106.702767, 36.69, '2025-11-12 08:48:15'),
(2989, 3, 10.782955, 106.709475, 35.98, '2025-11-12 08:48:15'),
(2990, 1, 10.774169, 106.696687, 39.03, '2025-11-12 08:48:20'),
(2991, 2, 10.778067, 106.702394, 36.69, '2025-11-12 08:48:20'),
(2992, 3, 10.782704, 106.709095, 35.98, '2025-11-12 08:48:20'),
(2993, 1, 10.773898, 106.696275, 39.03, '2025-11-12 08:48:25'),
(2994, 2, 10.777791, 106.702022, 36.69, '2025-11-12 08:48:25'),
(2995, 3, 10.782453, 106.708715, 35.98, '2025-11-12 08:48:25'),
(2996, 1, 10.773626, 106.695863, 39.03, '2025-11-12 08:48:30'),
(2997, 2, 10.777515, 106.701650, 36.69, '2025-11-12 08:48:30'),
(2998, 3, 10.782203, 106.708336, 35.98, '2025-11-12 08:48:30'),
(2999, 1, 10.773354, 106.695451, 39.03, '2025-11-12 08:48:35'),
(3000, 2, 10.777239, 106.701278, 36.69, '2025-11-12 08:48:35'),
(3001, 3, 10.781952, 106.707956, 35.98, '2025-11-12 08:48:35'),
(3002, 1, 10.773082, 106.695039, 39.03, '2025-11-12 08:48:40'),
(3003, 2, 10.776963, 106.700905, 36.69, '2025-11-12 08:48:40'),
(3004, 3, 10.781701, 106.707576, 35.98, '2025-11-12 08:48:40'),
(3005, 1, 10.772810, 106.694628, 39.03, '2025-11-12 08:48:45'),
(3006, 2, 10.776889, 106.700806, 36.69, '2025-11-12 08:48:45'),
(3007, 3, 10.781450, 106.707197, 35.98, '2025-11-12 08:48:45'),
(3008, 1, 10.772538, 106.694216, 39.03, '2025-11-12 08:48:50'),
(3009, 2, 10.776889, 106.700806, 36.69, '2025-11-12 08:48:50'),
(3010, 3, 10.781200, 106.706817, 35.98, '2025-11-12 08:48:50'),
(3011, 1, 10.772266, 106.693804, 39.03, '2025-11-12 08:48:55'),
(3012, 2, 10.776633, 106.700419, 36.69, '2025-11-12 08:48:55'),
(3013, 3, 10.780949, 106.706437, 35.98, '2025-11-12 08:48:55'),
(3014, 1, 10.771994, 106.693392, 39.03, '2025-11-12 08:49:00'),
(3015, 2, 10.776378, 106.700032, 36.69, '2025-11-12 08:49:00'),
(3016, 3, 10.780698, 106.706058, 35.98, '2025-11-12 08:49:00'),
(3017, 1, 10.771722, 106.692980, 39.03, '2025-11-12 08:49:05'),
(3018, 2, 10.776122, 106.699645, 36.69, '2025-11-12 08:49:05'),
(3019, 3, 10.780448, 106.705678, 35.98, '2025-11-12 08:49:05'),
(3020, 1, 10.771450, 106.692568, 39.03, '2025-11-12 08:49:10'),
(3021, 2, 10.775867, 106.699257, 36.69, '2025-11-12 08:49:10'),
(3022, 3, 10.780197, 106.705298, 35.98, '2025-11-12 08:49:10'),
(3023, 1, 10.771178, 106.692156, 39.03, '2025-11-12 08:49:15'),
(3024, 2, 10.775611, 106.698870, 36.69, '2025-11-12 08:49:15'),
(3025, 3, 10.780000, 106.705000, 35.98, '2025-11-12 08:49:15'),
(3026, 1, 10.771135, 106.692091, 39.03, '2025-11-12 08:49:20'),
(3027, 2, 10.775355, 106.698483, 36.69, '2025-11-12 08:49:20'),
(3028, 3, 10.780000, 106.705000, 35.98, '2025-11-12 08:49:20'),
(3029, 1, 10.770971, 106.691624, 39.03, '2025-11-12 08:49:25'),
(3030, 2, 10.775100, 106.698096, 36.69, '2025-11-12 08:49:25'),
(3031, 3, 10.780251, 106.705380, 35.98, '2025-11-12 08:49:25'),
(3032, 1, 10.770807, 106.691156, 39.03, '2025-11-12 08:49:30'),
(3033, 2, 10.774844, 106.697709, 36.69, '2025-11-12 08:49:30'),
(3034, 3, 10.780501, 106.705759, 35.98, '2025-11-12 08:49:30'),
(3035, 1, 10.770643, 106.690689, 39.03, '2025-11-12 08:49:35'),
(3036, 2, 10.774589, 106.697322, 36.69, '2025-11-12 08:49:35'),
(3037, 3, 10.780752, 106.706139, 35.98, '2025-11-12 08:49:35'),
(3038, 1, 10.770479, 106.690222, 39.03, '2025-11-12 08:49:40'),
(3039, 2, 10.774333, 106.696935, 36.69, '2025-11-12 08:49:40'),
(3040, 3, 10.781003, 106.706519, 35.98, '2025-11-12 08:49:40'),
(3041, 1, 10.770315, 106.689754, 39.03, '2025-11-12 08:49:45'),
(3042, 2, 10.774077, 106.696548, 36.69, '2025-11-12 08:49:45'),
(3043, 3, 10.781253, 106.706898, 35.98, '2025-11-12 08:49:45'),
(3044, 1, 10.770151, 106.689287, 39.03, '2025-11-12 08:49:50'),
(3045, 2, 10.773822, 106.696160, 36.69, '2025-11-12 08:49:50'),
(3046, 3, 10.781504, 106.707278, 35.98, '2025-11-12 08:49:50'),
(3047, 1, 10.769987, 106.688819, 39.03, '2025-11-12 08:49:55'),
(3048, 2, 10.773566, 106.695773, 36.69, '2025-11-12 08:49:55'),
(3049, 3, 10.781755, 106.707658, 35.98, '2025-11-12 08:49:55'),
(3050, 1, 10.769823, 106.688352, 39.03, '2025-11-12 08:50:00'),
(3051, 2, 10.773311, 106.695386, 36.69, '2025-11-12 08:50:00'),
(3052, 3, 10.782006, 106.708037, 35.98, '2025-11-12 08:50:00'),
(3053, 1, 10.769659, 106.687885, 39.03, '2025-11-12 08:50:05'),
(3054, 2, 10.773055, 106.694999, 36.69, '2025-11-12 08:50:05'),
(3055, 3, 10.782256, 106.708417, 35.98, '2025-11-12 08:50:05'),
(3056, 1, 10.769495, 106.687417, 39.03, '2025-11-12 08:50:10'),
(3057, 2, 10.772799, 106.694612, 36.69, '2025-11-12 08:50:10'),
(3058, 3, 10.782507, 106.708797, 35.98, '2025-11-12 08:50:10'),
(3059, 1, 10.769331, 106.686950, 39.03, '2025-11-12 08:50:15'),
(3060, 2, 10.772544, 106.694225, 36.69, '2025-11-12 08:50:15'),
(3061, 3, 10.782758, 106.709176, 35.98, '2025-11-12 08:50:15'),
(3062, 1, 10.769167, 106.686483, 39.03, '2025-11-12 08:50:20'),
(3063, 2, 10.772288, 106.693838, 36.69, '2025-11-12 08:50:20'),
(3064, 3, 10.783008, 106.709556, 35.98, '2025-11-12 08:50:20'),
(3065, 1, 10.769003, 106.686015, 39.03, '2025-11-12 08:50:25'),
(3066, 2, 10.772033, 106.693451, 36.69, '2025-11-12 08:50:25'),
(3067, 3, 10.783259, 106.709936, 35.98, '2025-11-12 08:50:25'),
(3068, 1, 10.768839, 106.685548, 39.03, '2025-11-12 08:50:30'),
(3069, 2, 10.771777, 106.693063, 36.69, '2025-11-12 08:50:30'),
(3070, 3, 10.783456, 106.710234, 35.98, '2025-11-12 08:50:30'),
(3071, 1, 10.768676, 106.685080, 39.03, '2025-11-12 08:50:35'),
(3072, 2, 10.771521, 106.692676, 36.69, '2025-11-12 08:50:35'),
(3073, 3, 10.783456, 106.710234, 35.98, '2025-11-12 08:50:35'),
(3074, 1, 10.768512, 106.684613, 39.03, '2025-11-12 08:50:40'),
(3075, 2, 10.771266, 106.692289, 36.69, '2025-11-12 08:50:40'),
(3076, 3, 10.783743, 106.710586, 35.98, '2025-11-12 08:50:40'),
(3077, 1, 10.768348, 106.684146, 39.03, '2025-11-12 08:50:45'),
(3078, 2, 10.771135, 106.692091, 36.69, '2025-11-12 08:50:45'),
(3079, 3, 10.784030, 106.710938, 35.98, '2025-11-12 08:50:45'),
(3080, 1, 10.768247, 106.683859, 39.03, '2025-11-12 08:50:50'),
(3081, 2, 10.771135, 106.692091, 36.69, '2025-11-12 08:50:50'),
(3082, 3, 10.784316, 106.711290, 35.98, '2025-11-12 08:50:50'),
(3083, 1, 10.768247, 106.683859, 39.03, '2025-11-12 08:50:55'),
(3084, 2, 10.771391, 106.692478, 36.69, '2025-11-12 08:50:55'),
(3085, 3, 10.784603, 106.711643, 35.98, '2025-11-12 08:50:55'),
(3086, 1, 10.767781, 106.683712, 39.03, '2025-11-12 08:51:00'),
(3087, 2, 10.771646, 106.692865, 36.69, '2025-11-12 08:51:00'),
(3088, 3, 10.784890, 106.711995, 35.98, '2025-11-12 08:51:00'),
(3089, 1, 10.767316, 106.683564, 39.03, '2025-11-12 08:51:05'),
(3090, 2, 10.771902, 106.693252, 36.69, '2025-11-12 08:51:05'),
(3091, 3, 10.785177, 106.712347, 35.98, '2025-11-12 08:51:05'),
(3092, 1, 10.766850, 106.683417, 39.03, '2025-11-12 08:51:10'),
(3093, 2, 10.772157, 106.693640, 36.69, '2025-11-12 08:51:10'),
(3094, 3, 10.785464, 106.712699, 35.98, '2025-11-12 08:51:10'),
(3095, 1, 10.766385, 106.683270, 39.03, '2025-11-12 08:51:15'),
(3096, 2, 10.772413, 106.694027, 36.69, '2025-11-12 08:51:15'),
(3097, 3, 10.785751, 106.713051, 35.98, '2025-11-12 08:51:15'),
(3098, 1, 10.765919, 106.683122, 39.03, '2025-11-12 08:51:20'),
(3099, 2, 10.772669, 106.694414, 36.69, '2025-11-12 08:51:20'),
(3100, 3, 10.786037, 106.713403, 35.98, '2025-11-12 08:51:20'),
(3101, 1, 10.765454, 106.682975, 39.03, '2025-11-12 08:51:25'),
(3102, 2, 10.772924, 106.694801, 36.69, '2025-11-12 08:51:25'),
(3103, 3, 10.786324, 106.713756, 35.98, '2025-11-12 08:51:25'),
(3104, 1, 10.764988, 106.682828, 39.03, '2025-11-12 08:51:30'),
(3105, 2, 10.773180, 106.695188, 36.69, '2025-11-12 08:51:30'),
(3106, 3, 10.786611, 106.714108, 35.98, '2025-11-12 08:51:30'),
(3107, 1, 10.764523, 106.682680, 39.03, '2025-11-12 08:51:35'),
(3108, 2, 10.773435, 106.695575, 36.69, '2025-11-12 08:51:35'),
(3109, 3, 10.786898, 106.714460, 35.98, '2025-11-12 08:51:35'),
(3110, 1, 10.764057, 106.682533, 39.03, '2025-11-12 08:51:40'),
(3111, 2, 10.773691, 106.695962, 36.69, '2025-11-12 08:51:40'),
(3112, 3, 10.787185, 106.714812, 35.98, '2025-11-12 08:51:40'),
(3113, 1, 10.763591, 106.682386, 39.03, '2025-11-12 08:51:45'),
(3114, 2, 10.773947, 106.696349, 36.69, '2025-11-12 08:51:45'),
(3115, 3, 10.787472, 106.715164, 35.98, '2025-11-12 08:51:45'),
(3116, 1, 10.763126, 106.682238, 39.03, '2025-11-12 08:51:50'),
(3117, 2, 10.774202, 106.696737, 36.69, '2025-11-12 08:51:50'),
(3118, 3, 10.787758, 106.715516, 35.98, '2025-11-12 08:51:50'),
(3119, 1, 10.762913, 106.682171, 39.03, '2025-11-12 08:51:55'),
(3120, 2, 10.774458, 106.697124, 36.69, '2025-11-12 08:51:55'),
(3121, 3, 10.787890, 106.715678, 35.98, '2025-11-12 08:51:55'),
(3122, 1, 10.762913, 106.682171, 39.03, '2025-11-12 08:52:00'),
(3123, 2, 10.774713, 106.697511, 36.69, '2025-11-12 08:52:00'),
(3124, 3, 10.787890, 106.715678, 35.98, '2025-11-12 08:52:00'),
(3125, 1, 10.763379, 106.682318, 39.03, '2025-11-12 08:52:05'),
(3126, 2, 10.774969, 106.697898, 36.69, '2025-11-12 08:52:05'),
(3127, 3, 10.788163, 106.716041, 35.98, '2025-11-12 08:52:05'),
(3128, 1, 10.763844, 106.682466, 39.03, '2025-11-12 08:52:10'),
(3129, 2, 10.775225, 106.698285, 36.69, '2025-11-12 08:52:10'),
(3130, 3, 10.788436, 106.716404, 35.98, '2025-11-12 08:52:10'),
(3131, 1, 10.764310, 106.682613, 39.03, '2025-11-12 08:52:15'),
(3132, 2, 10.775480, 106.698672, 36.69, '2025-11-12 08:52:15'),
(3133, 3, 10.788710, 106.716768, 35.98, '2025-11-12 08:52:15'),
(3134, 1, 10.764775, 106.682760, 39.03, '2025-11-12 08:52:20'),
(3135, 2, 10.775736, 106.699059, 36.69, '2025-11-12 08:52:20'),
(3136, 3, 10.788983, 106.717131, 35.98, '2025-11-12 08:52:20'),
(3137, 1, 10.765241, 106.682908, 39.03, '2025-11-12 08:52:25'),
(3138, 2, 10.775991, 106.699447, 36.69, '2025-11-12 08:52:25'),
(3139, 3, 10.789256, 106.717494, 35.98, '2025-11-12 08:52:25'),
(3140, 1, 10.765706, 106.683055, 39.03, '2025-11-12 08:52:30'),
(3141, 2, 10.776247, 106.699834, 36.69, '2025-11-12 08:52:30'),
(3142, 3, 10.789529, 106.717857, 35.98, '2025-11-12 08:52:30'),
(3143, 1, 10.766172, 106.683202, 39.03, '2025-11-12 08:52:35'),
(3144, 2, 10.776503, 106.700221, 36.69, '2025-11-12 08:52:35'),
(3145, 3, 10.789803, 106.718220, 35.98, '2025-11-12 08:52:35'),
(3146, 1, 10.766637, 106.683350, 39.03, '2025-11-12 08:52:40'),
(3147, 2, 10.776758, 106.700608, 36.69, '2025-11-12 08:52:40'),
(3148, 3, 10.790076, 106.718584, 35.98, '2025-11-12 08:52:40'),
(3149, 1, 10.767103, 106.683497, 39.03, '2025-11-12 08:52:45'),
(3150, 2, 10.776889, 106.700806, 36.69, '2025-11-12 08:52:45'),
(3151, 3, 10.790349, 106.718947, 35.98, '2025-11-12 08:52:45'),
(3152, 1, 10.767569, 106.683644, 39.03, '2025-11-12 08:52:50'),
(3153, 2, 10.776889, 106.700806, 36.69, '2025-11-12 08:52:50'),
(3154, 3, 10.790622, 106.719310, 35.98, '2025-11-12 08:52:50'),
(3155, 1, 10.768034, 106.683792, 39.03, '2025-11-12 08:52:55'),
(3156, 2, 10.777165, 106.701178, 36.69, '2025-11-12 08:52:55'),
(3157, 3, 10.790896, 106.719673, 35.98, '2025-11-12 08:52:55'),
(3158, 1, 10.768247, 106.683859, 39.03, '2025-11-12 08:53:00'),
(3159, 2, 10.777441, 106.701550, 36.69, '2025-11-12 08:53:00'),
(3160, 3, 10.791169, 106.720036, 35.98, '2025-11-12 08:53:00'),
(3161, 1, 10.768247, 106.683859, 39.03, '2025-11-12 08:53:05'),
(3162, 2, 10.777717, 106.701923, 36.69, '2025-11-12 08:53:05'),
(3163, 3, 10.791234, 106.720123, 35.98, '2025-11-12 08:53:05'),
(3164, 1, 10.768411, 106.684326, 39.03, '2025-11-12 08:53:10'),
(3165, 2, 10.777993, 106.702295, 36.69, '2025-11-12 08:53:10'),
(3166, 3, 10.791234, 106.720123, 35.98, '2025-11-12 08:53:10'),
(3167, 1, 10.768575, 106.684794, 39.03, '2025-11-12 08:53:15'),
(3168, 2, 10.778270, 106.702667, 36.69, '2025-11-12 08:53:15'),
(3169, 3, 10.791521, 106.720475, 35.98, '2025-11-12 08:53:15'),
(3170, 1, 10.768739, 106.685261, 39.03, '2025-11-12 08:53:20'),
(3171, 2, 10.778546, 106.703039, 36.69, '2025-11-12 08:53:20'),
(3172, 3, 10.791808, 106.720827, 35.98, '2025-11-12 08:53:20'),
(3173, 1, 10.768903, 106.685728, 39.03, '2025-11-12 08:53:25'),
(3174, 2, 10.778822, 106.703412, 36.69, '2025-11-12 08:53:25'),
(3175, 3, 10.792096, 106.721179, 35.98, '2025-11-12 08:53:25'),
(3176, 1, 10.769067, 106.686196, 39.03, '2025-11-12 08:53:30'),
(3177, 2, 10.779098, 106.703784, 36.69, '2025-11-12 08:53:30'),
(3178, 3, 10.792383, 106.721530, 35.98, '2025-11-12 08:53:30'),
(3179, 1, 10.769231, 106.686663, 39.03, '2025-11-12 08:53:35'),
(3180, 2, 10.779374, 106.704156, 36.69, '2025-11-12 08:53:35'),
(3181, 3, 10.792670, 106.721882, 35.98, '2025-11-12 08:53:35'),
(3182, 1, 10.769395, 106.687131, 39.03, '2025-11-12 08:53:40'),
(3183, 2, 10.779650, 106.704528, 36.69, '2025-11-12 08:53:40'),
(3184, 3, 10.792957, 106.722234, 35.98, '2025-11-12 08:53:40'),
(3185, 1, 10.769559, 106.687598, 39.03, '2025-11-12 08:53:45'),
(3186, 2, 10.779926, 106.704901, 36.69, '2025-11-12 08:53:45'),
(3187, 3, 10.793244, 106.722586, 35.98, '2025-11-12 08:53:45'),
(3188, 1, 10.769723, 106.688065, 39.03, '2025-11-12 08:53:50'),
(3189, 2, 10.780000, 106.705000, 36.69, '2025-11-12 08:53:50'),
(3190, 3, 10.793532, 106.722938, 35.98, '2025-11-12 08:53:50'),
(3191, 1, 10.769887, 106.688533, 39.03, '2025-11-12 08:53:55'),
(3192, 2, 10.780000, 106.705000, 36.69, '2025-11-12 08:53:55'),
(3193, 3, 10.793819, 106.723290, 35.98, '2025-11-12 08:53:55'),
(3194, 1, 10.770051, 106.689000, 39.03, '2025-11-12 08:54:00'),
(3195, 2, 10.780256, 106.705387, 36.69, '2025-11-12 08:54:00'),
(3196, 3, 10.794106, 106.723641, 35.98, '2025-11-12 08:54:00'),
(3197, 1, 10.770215, 106.689467, 39.03, '2025-11-12 08:54:05'),
(3198, 2, 10.780511, 106.705774, 36.69, '2025-11-12 08:54:05'),
(3199, 3, 10.794393, 106.723993, 35.98, '2025-11-12 08:54:05'),
(3200, 1, 10.770379, 106.689935, 39.03, '2025-11-12 08:54:10'),
(3201, 2, 10.780767, 106.706161, 36.69, '2025-11-12 08:54:10'),
(3202, 3, 10.794681, 106.724345, 35.98, '2025-11-12 08:54:10'),
(3203, 1, 10.770543, 106.690402, 39.03, '2025-11-12 08:54:15'),
(3204, 2, 10.781022, 106.706549, 36.69, '2025-11-12 08:54:15'),
(3205, 3, 10.794968, 106.724697, 35.98, '2025-11-12 08:54:15'),
(3206, 1, 10.770706, 106.690870, 39.03, '2025-11-12 08:54:20'),
(3207, 2, 10.781278, 106.706936, 36.69, '2025-11-12 08:54:20'),
(3208, 3, 10.795255, 106.725049, 35.98, '2025-11-12 08:54:20'),
(3209, 1, 10.770870, 106.691337, 39.03, '2025-11-12 08:54:25'),
(3210, 2, 10.781534, 106.707323, 36.69, '2025-11-12 08:54:25'),
(3211, 3, 10.795542, 106.725401, 35.98, '2025-11-12 08:54:25'),
(3212, 1, 10.771034, 106.691804, 39.03, '2025-11-12 08:54:30'),
(3213, 2, 10.781789, 106.707710, 36.69, '2025-11-12 08:54:30'),
(3214, 3, 10.795678, 106.725567, 35.98, '2025-11-12 08:54:30'),
(3215, 1, 10.771135, 106.692091, 39.03, '2025-11-12 08:54:35'),
(3216, 2, 10.782045, 106.708097, 36.69, '2025-11-12 08:54:35'),
(3217, 3, 10.795678, 106.725567, 35.98, '2025-11-12 08:54:35'),
(3218, 1, 10.771135, 106.692091, 39.03, '2025-11-12 08:54:40'),
(3219, 2, 10.782301, 106.708484, 36.69, '2025-11-12 08:54:40'),
(3220, 3, 10.795391, 106.725215, 35.98, '2025-11-12 08:54:40'),
(3221, 1, 10.771407, 106.692503, 39.03, '2025-11-12 08:54:45'),
(3222, 2, 10.782556, 106.708871, 36.69, '2025-11-12 08:54:45'),
(3223, 3, 10.795104, 106.724863, 35.98, '2025-11-12 08:54:45'),
(3224, 1, 10.771679, 106.692915, 39.03, '2025-11-12 08:54:50'),
(3225, 2, 10.782812, 106.709258, 36.69, '2025-11-12 08:54:50'),
(3226, 3, 10.794816, 106.724511, 35.98, '2025-11-12 08:54:50'),
(3227, 1, 10.771951, 106.693327, 39.03, '2025-11-12 08:54:55'),
(3228, 2, 10.783067, 106.709646, 36.69, '2025-11-12 08:54:55'),
(3229, 3, 10.794529, 106.724160, 35.98, '2025-11-12 08:54:55'),
(3230, 1, 10.772223, 106.693739, 39.03, '2025-11-12 08:55:00'),
(3231, 2, 10.783323, 106.710033, 36.69, '2025-11-12 08:55:00'),
(3232, 3, 10.794242, 106.723808, 35.98, '2025-11-12 08:55:00'),
(3233, 1, 10.772495, 106.694150, 39.03, '2025-11-12 08:55:05'),
(3234, 2, 10.783456, 106.710234, 36.69, '2025-11-12 08:55:05');
INSERT INTO `vitrixe` (`ma_vitri`, `ma_xe`, `vi_do`, `kinh_do`, `toc_do`, `thoi_gian`) VALUES
(3235, 3, 10.793955, 106.723456, 35.98, '2025-11-12 08:55:05'),
(3236, 1, 10.772767, 106.694562, 39.03, '2025-11-12 08:55:10'),
(3237, 2, 10.783456, 106.710234, 36.69, '2025-11-12 08:55:10'),
(3238, 3, 10.793668, 106.723104, 35.98, '2025-11-12 08:55:10'),
(3239, 1, 10.773039, 106.694974, 39.03, '2025-11-12 08:55:15'),
(3240, 2, 10.783748, 106.710593, 36.69, '2025-11-12 08:55:15'),
(3241, 3, 10.793380, 106.722752, 35.98, '2025-11-12 08:55:15'),
(3242, 1, 10.773311, 106.695386, 39.03, '2025-11-12 08:55:20'),
(3243, 2, 10.784041, 106.710952, 36.69, '2025-11-12 08:55:20'),
(3244, 3, 10.793093, 106.722400, 35.98, '2025-11-12 08:55:20'),
(3245, 1, 10.773583, 106.695798, 39.03, '2025-11-12 08:55:25'),
(3246, 2, 10.784333, 106.711311, 36.69, '2025-11-12 08:55:25'),
(3247, 3, 10.792806, 106.722049, 35.98, '2025-11-12 08:55:25'),
(3248, 1, 10.773855, 106.696210, 39.03, '2025-11-12 08:55:30'),
(3249, 2, 10.784626, 106.711670, 36.69, '2025-11-12 08:55:30'),
(3250, 3, 10.792519, 106.721697, 35.98, '2025-11-12 08:55:30'),
(3251, 1, 10.774126, 106.696622, 39.03, '2025-11-12 08:55:35'),
(3252, 2, 10.784918, 106.712029, 36.69, '2025-11-12 08:55:35'),
(3253, 3, 10.792231, 106.721345, 35.98, '2025-11-12 08:55:35'),
(3254, 1, 10.774398, 106.697034, 39.03, '2025-11-12 08:55:40'),
(3255, 2, 10.785211, 106.712389, 36.69, '2025-11-12 08:55:40'),
(3256, 3, 10.791944, 106.720993, 35.98, '2025-11-12 08:55:40');

-- --------------------------------------------------------

--
-- Cấu trúc bảng cho bảng `xebuyt`
--

CREATE TABLE `xebuyt` (
  `ma_xe` int(11) NOT NULL,
  `bien_so` varchar(20) NOT NULL,
  `suc_chua` int(11) NOT NULL,
  `trang_thai` enum('san_sang','dang_su_dung','bao_duong') DEFAULT 'san_sang',
  `ma_tai_xe` int(11) DEFAULT NULL
) ENGINE=InnoDB DEFAULT CHARSET=utf8mb4 COLLATE=utf8mb4_general_ci;

--
-- Đang đổ dữ liệu cho bảng `xebuyt`
--

INSERT INTO `xebuyt` (`ma_xe`, `bien_so`, `suc_chua`, `trang_thai`, `ma_tai_xe`) VALUES
(1, '30A-10001', 40, 'san_sang', 1),
(2, '30A-10002', 45, 'dang_su_dung', 2),
(3, '30A-10003', 40, 'bao_duong', 3),
(4, '30A-10004', 50, 'dang_su_dung', 4),
(5, '30A-10005', 35, 'san_sang', 5),
(6, '30A-10006', 50, 'dang_su_dung', 6),
(7, '30A-10007', 40, 'san_sang', 7),
(8, '30A-10008', 40, 'dang_su_dung', 8),
(9, '30A-10009', 45, 'san_sang', 9),
(10, '30A-10010', 50, 'dang_su_dung', 10);

--
-- Chỉ mục cho các bảng đã đổ
--

--
-- Chỉ mục cho bảng `chitiettuyenduong`
--
ALTER TABLE `chitiettuyenduong`
  ADD PRIMARY KEY (`ma_ct`),
  ADD KEY `ma_tuyen` (`ma_tuyen`),
  ADD KEY `ma_tram` (`ma_tram`);

--
-- Chỉ mục cho bảng `hocsinh`
--
ALTER TABLE `hocsinh`
  ADD PRIMARY KEY (`ma_hs`),
  ADD KEY `ma_phu_huynh` (`ma_phu_huynh`),
  ADD KEY `ma_diem_don` (`ma_diem_don`),
  ADD KEY `ma_diem_tra` (`ma_diem_tra`);

--
-- Chỉ mục cho bảng `lichtrinh`
--
ALTER TABLE `lichtrinh`
  ADD PRIMARY KEY (`ma_lich`),
  ADD KEY `ma_tuyen` (`ma_tuyen`),
  ADD KEY `ma_xe` (`ma_xe`),
  ADD KEY `ma_tai_xe` (`ma_tai_xe`);

--
-- Chỉ mục cho bảng `nhatkydontra`
--
ALTER TABLE `nhatkydontra`
  ADD PRIMARY KEY (`ma_nhat_ky`),
  ADD KEY `ma_hs` (`ma_hs`),
  ADD KEY `ma_lich` (`ma_lich`),
  ADD KEY `thoi_gian` (`thoi_gian`);

--
-- Chỉ mục cho bảng `phancong`
--
ALTER TABLE `phancong`
  ADD PRIMARY KEY (`ma_pc`),
  ADD KEY `ma_hs` (`ma_hs`),
  ADD KEY `ma_lich` (`ma_lich`);

--
-- Chỉ mục cho bảng `phuhuynh`
--
ALTER TABLE `phuhuynh`
  ADD PRIMARY KEY (`ma_phu_huynh`),
  ADD UNIQUE KEY `so_dien_thoai` (`so_dien_thoai`),
  ADD UNIQUE KEY `tai_khoan` (`tai_khoan`);

--
-- Chỉ mục cho bảng `quanlytaixe`
--
ALTER TABLE `quanlytaixe`
  ADD PRIMARY KEY (`ma_ql`),
  ADD UNIQUE KEY `so_dien_thoai` (`so_dien_thoai`),
  ADD UNIQUE KEY `tai_khoan` (`tai_khoan`);

--
-- Chỉ mục cho bảng `taixe`
--
ALTER TABLE `taixe`
  ADD PRIMARY KEY (`ma_tai_xe`),
  ADD UNIQUE KEY `so_gplx` (`so_gplx`),
  ADD UNIQUE KEY `tai_khoan` (`tai_khoan`),
  ADD KEY `ma_ql` (`ma_ql`);

--
-- Chỉ mục cho bảng `thongbao`
--
ALTER TABLE `thongbao`
  ADD PRIMARY KEY (`ma_tb`),
  ADD KEY `ma_phu_huynh` (`ma_phu_huynh`),
  ADD KEY `ma_tai_xe` (`ma_tai_xe`),
  ADD KEY `thoi_gian` (`thoi_gian`);

--
-- Chỉ mục cho bảng `tramxe`
--
ALTER TABLE `tramxe`
  ADD PRIMARY KEY (`ma_tram`);

--
-- Chỉ mục cho bảng `tuyenduong`
--
ALTER TABLE `tuyenduong`
  ADD PRIMARY KEY (`ma_tuyen`);

--
-- Chỉ mục cho bảng `vitrixe`
--
ALTER TABLE `vitrixe`
  ADD PRIMARY KEY (`ma_vitri`),
  ADD KEY `ma_xe` (`ma_xe`);

--
-- Chỉ mục cho bảng `xebuyt`
--
ALTER TABLE `xebuyt`
  ADD PRIMARY KEY (`ma_xe`),
  ADD UNIQUE KEY `bien_so` (`bien_so`),
  ADD UNIQUE KEY `ma_tai_xe` (`ma_tai_xe`);

--
-- AUTO_INCREMENT cho các bảng đã đổ
--

--
-- AUTO_INCREMENT cho bảng `chitiettuyenduong`
--
ALTER TABLE `chitiettuyenduong`
  MODIFY `ma_ct` int(11) NOT NULL AUTO_INCREMENT, AUTO_INCREMENT=26;

--
-- AUTO_INCREMENT cho bảng `hocsinh`
--
ALTER TABLE `hocsinh`
  MODIFY `ma_hs` int(11) NOT NULL AUTO_INCREMENT, AUTO_INCREMENT=11;

--
-- AUTO_INCREMENT cho bảng `lichtrinh`
--
ALTER TABLE `lichtrinh`
  MODIFY `ma_lich` int(11) NOT NULL AUTO_INCREMENT, AUTO_INCREMENT=11;

--
-- AUTO_INCREMENT cho bảng `nhatkydontra`
--
ALTER TABLE `nhatkydontra`
  MODIFY `ma_nhat_ky` int(11) NOT NULL AUTO_INCREMENT, AUTO_INCREMENT=11;

--
-- AUTO_INCREMENT cho bảng `phancong`
--
ALTER TABLE `phancong`
  MODIFY `ma_pc` int(11) NOT NULL AUTO_INCREMENT, AUTO_INCREMENT=11;

--
-- AUTO_INCREMENT cho bảng `phuhuynh`
--
ALTER TABLE `phuhuynh`
  MODIFY `ma_phu_huynh` int(11) NOT NULL AUTO_INCREMENT, AUTO_INCREMENT=11;

--
-- AUTO_INCREMENT cho bảng `quanlytaixe`
--
ALTER TABLE `quanlytaixe`
  MODIFY `ma_ql` int(11) NOT NULL AUTO_INCREMENT, AUTO_INCREMENT=4;

--
-- AUTO_INCREMENT cho bảng `taixe`
--
ALTER TABLE `taixe`
  MODIFY `ma_tai_xe` int(11) NOT NULL AUTO_INCREMENT, AUTO_INCREMENT=11;

--
-- AUTO_INCREMENT cho bảng `thongbao`
--
ALTER TABLE `thongbao`
  MODIFY `ma_tb` int(11) NOT NULL AUTO_INCREMENT, AUTO_INCREMENT=11;

--
-- AUTO_INCREMENT cho bảng `tramxe`
--
ALTER TABLE `tramxe`
  MODIFY `ma_tram` int(11) NOT NULL AUTO_INCREMENT, AUTO_INCREMENT=21;

--
-- AUTO_INCREMENT cho bảng `tuyenduong`
--
ALTER TABLE `tuyenduong`
  MODIFY `ma_tuyen` int(11) NOT NULL AUTO_INCREMENT, AUTO_INCREMENT=11;

--
-- AUTO_INCREMENT cho bảng `vitrixe`
--
ALTER TABLE `vitrixe`
  MODIFY `ma_vitri` int(11) NOT NULL AUTO_INCREMENT, AUTO_INCREMENT=3257;

--
-- AUTO_INCREMENT cho bảng `xebuyt`
--
ALTER TABLE `xebuyt`
  MODIFY `ma_xe` int(11) NOT NULL AUTO_INCREMENT, AUTO_INCREMENT=11;

--
-- Các ràng buộc cho các bảng đã đổ
--

--
-- Các ràng buộc cho bảng `chitiettuyenduong`
--
ALTER TABLE `chitiettuyenduong`
  ADD CONSTRAINT `chitiettuyenduong_ibfk_1` FOREIGN KEY (`ma_tuyen`) REFERENCES `tuyenduong` (`ma_tuyen`) ON DELETE CASCADE,
  ADD CONSTRAINT `chitiettuyenduong_ibfk_2` FOREIGN KEY (`ma_tram`) REFERENCES `tramxe` (`ma_tram`) ON DELETE CASCADE;

--
-- Các ràng buộc cho bảng `hocsinh`
--
ALTER TABLE `hocsinh`
  ADD CONSTRAINT `hocsinh_ibfk_1` FOREIGN KEY (`ma_phu_huynh`) REFERENCES `phuhuynh` (`ma_phu_huynh`) ON DELETE CASCADE,
  ADD CONSTRAINT `hocsinh_ibfk_2` FOREIGN KEY (`ma_diem_don`) REFERENCES `tramxe` (`ma_tram`) ON DELETE CASCADE,
  ADD CONSTRAINT `hocsinh_ibfk_3` FOREIGN KEY (`ma_diem_tra`) REFERENCES `tramxe` (`ma_tram`) ON DELETE CASCADE;

--
-- Các ràng buộc cho bảng `lichtrinh`
--
ALTER TABLE `lichtrinh`
  ADD CONSTRAINT `lichtrinh_ibfk_1` FOREIGN KEY (`ma_tuyen`) REFERENCES `tuyenduong` (`ma_tuyen`),
  ADD CONSTRAINT `lichtrinh_ibfk_2` FOREIGN KEY (`ma_xe`) REFERENCES `xebuyt` (`ma_xe`),
  ADD CONSTRAINT `lichtrinh_ibfk_3` FOREIGN KEY (`ma_tai_xe`) REFERENCES `taixe` (`ma_tai_xe`);

--
-- Các ràng buộc cho bảng `nhatkydontra`
--
ALTER TABLE `nhatkydontra`
  ADD CONSTRAINT `nhatkydontra_ibfk_1` FOREIGN KEY (`ma_hs`) REFERENCES `hocsinh` (`ma_hs`),
  ADD CONSTRAINT `nhatkydontra_ibfk_2` FOREIGN KEY (`ma_lich`) REFERENCES `lichtrinh` (`ma_lich`);

--
-- Các ràng buộc cho bảng `phancong`
--
ALTER TABLE `phancong`
  ADD CONSTRAINT `phancong_ibfk_1` FOREIGN KEY (`ma_hs`) REFERENCES `hocsinh` (`ma_hs`),
  ADD CONSTRAINT `phancong_ibfk_2` FOREIGN KEY (`ma_lich`) REFERENCES `lichtrinh` (`ma_lich`);

--
-- Các ràng buộc cho bảng `taixe`
--
ALTER TABLE `taixe`
  ADD CONSTRAINT `taixe_ibfk_1` FOREIGN KEY (`ma_ql`) REFERENCES `quanlytaixe` (`ma_ql`) ON DELETE SET NULL;

--
-- Các ràng buộc cho bảng `thongbao`
--
ALTER TABLE `thongbao`
  ADD CONSTRAINT `thongbao_ibfk_1` FOREIGN KEY (`ma_phu_huynh`) REFERENCES `phuhuynh` (`ma_phu_huynh`),
  ADD CONSTRAINT `thongbao_ibfk_2` FOREIGN KEY (`ma_tai_xe`) REFERENCES `taixe` (`ma_tai_xe`);

--
-- Các ràng buộc cho bảng `vitrixe`
--
ALTER TABLE `vitrixe`
  ADD CONSTRAINT `vitrixe_ibfk_1` FOREIGN KEY (`ma_xe`) REFERENCES `xebuyt` (`ma_xe`);

--
-- Các ràng buộc cho bảng `xebuyt`
--
ALTER TABLE `xebuyt`
  ADD CONSTRAINT `xebuyt_ibfk_1` FOREIGN KEY (`ma_tai_xe`) REFERENCES `taixe` (`ma_tai_xe`) ON DELETE CASCADE;
COMMIT;

/*!40101 SET CHARACTER_SET_CLIENT=@OLD_CHARACTER_SET_CLIENT */;
/*!40101 SET CHARACTER_SET_RESULTS=@OLD_CHARACTER_SET_RESULTS */;
/*!40101 SET COLLATION_CONNECTION=@OLD_COLLATION_CONNECTION */;

ALTER TABLE TaiXe
ADD COLUMN kinh_nghiem INT DEFAULT 5;
-- thêm cột kinh nghiệm cho tài xế
